ML_CATALOG_NUMBERS,DATA_TYPE
0,photo
100328301,photo
100328321,photo
100328351,photo
100328391,photo
100545101,photo
100545111,photo
100545221,photo
101876171,photo
101876181,photo
101876191,photo
101876201,photo
101876211,photo
101876221,photo
101934041,photo
101934051,photo
101934101,photo
102139731,photo
102140001,photo
102361011,photo
102361031,photo
102361041,photo
102361051,photo
102361181,photo
102708471,photo
102747771,photo
102747871,photo
102747991,photo
102748001,photo
102748201,photo
102748311,photo
102748501,photo
102748531,photo
102748601,photo
102748671,photo
102748681,photo
102748881,photo
102748971,photo
102749031,photo
102749061,photo
105332511,photo
105332561,photo
105332591,photo
105332691,photo
105332801,photo
105391201,photo
105439831,photo
105439941,photo
105440161,photo
107355021,photo
107355061,photo
107355151,photo
107355481,photo
107355661,photo
107355721,photo
107355801,photo
107356251,photo
107408191,photo
107408201,photo
107408211,photo
107408531,photo
107408541,photo
107408561,photo
107408571,photo
107408591,photo
107412441,photo
107521431,photo
107521511,photo
107521541,photo
107521561,photo
108149241,photo
108149261,photo
108435231,photo
108435311,photo
108435421,photo
108805251,photo
108805261,photo
108806201,photo
109480911,photo
109481121,photo
109534951,photo
109535091,photo
109535331,photo
109562181,photo
109562291,photo
109562361,photo
109562371,photo
109562411,photo
109562591,photo
109562661,photo
109562671,photo
109562681,photo
109565441,photo
109565491,photo
109565591,photo
109565691,photo
109937311,photo
109937481,photo
109947871,photo
110707461,photo
110707481,photo
110707501,photo
110707521,photo
111085521,photo
111092651,photo
115214161,photo
115214181,photo
115214191,photo
115214201,photo
118099411,photo
118099621,photo
118099661,photo
118099681,photo
118099711,photo
118099751,photo
118100011,photo
118154761,photo
118154851,photo
118154891,photo
118154901,photo
118281751,photo
118281781,photo
118281791,photo
118281801,photo
118281811,photo
118281821,photo
118281831,photo
118281861,photo
118281891,photo
118283291,photo
118283301,photo
118287331,photo
118288191,photo
120178771,photo
121202121,photo
121242111,photo
121247351,photo
121247361,photo
121247371,photo
121250351,photo
121250391,photo
122487111,photo
122487171,photo
122487281,photo
122487291,photo
122487311,photo
123079471,photo
123079771,photo
123083781,photo
123083921,photo
123083951,photo
123084041,photo
123084051,photo
123170151,photo
124110541,photo
124110561,photo
124110571,photo
124110581,photo
124110621,photo
124110701,photo
124110781,photo
124110821,photo
124110861,photo
125277061,photo
125277191,photo
125277271,photo
130728611,photo
130728621,photo
130728731,photo
130736371,photo
131445411,photo
131445471,photo
132014381,photo
132014461,photo
132014471,photo
132014481,photo
132401021,photo
134897681,photo
134897711,photo
134897721,photo
134897771,photo
134898491,photo
137499231,photo
137499281,photo
137499321,photo
137499341,photo
137499441,photo
139818801,photo
139818831,photo
142423351,photo
142423361,photo
142444801,audio
142444811,audio
143853701,photo
143853711,photo
143856401,photo
143856441,photo
143856451,photo
143856501,photo
143856531,photo
143856541,photo
143856551,photo
143856561,photo
143856571,photo
143856581,photo
143857411,photo
143863941,photo
143863951,photo
143863961,photo
143863981,photo
143863991,photo
143864001,photo
143864021,photo
143864051,photo
143864061,photo
143864101,photo
143864111,photo
143864141,photo
143864151,photo
143864161,photo
143869191,photo
143869201,photo
143869221,photo
143869231,photo
143869291,photo
143869301,photo
143869321,photo
143869341,photo
143869351,photo
143869391,photo
143869401,photo
147505061,photo
147505321,photo
147505581,photo
147505651,photo
149863141,photo
149863221,photo
150152861,photo
150152881,photo
150152891,photo
150152901,photo
150152911,photo
150152921,photo
150152941,photo
150152991,photo
150153101,photo
150153111,photo
150153121,photo
150408741,photo
150593741,photo
150593931,photo
150594531,photo
150594721,photo
150594951,photo
150711451,photo
150711461,photo
150711661,photo
150711671,photo
150711811,photo
150711821,photo
150711831,photo
150711841,photo
150711851,photo
150711951,photo
150712091,photo
150712111,photo
150727911,photo
152918561,photo
152918571,photo
152918581,photo
154306491,photo
154306501,photo
154306511,photo
154306621,photo
154306641,photo
154306651,photo
154541451,photo
154542481,photo
154542541,photo
154542791,photo
154544361,photo
154544551,photo
154544861,photo
154548831,photo
154550541,photo
154551061,photo
154551281,photo
155021771,photo
155021831,photo
155021931,photo
155022001,photo
155111851,photo
155111871,photo
158492341,photo
158492361,photo
158492421,photo
159601681,photo
159601701,photo
159601781,photo
159601831,photo
159601951,photo
159602241,photo
161683941,photo
161684021,photo
161684271,photo
161684411,photo
161684421,photo
161684461,photo
161918011,photo
161918021,photo
161918071,photo
161918121,photo
164012681,photo
164012701,photo
164012711,photo
164012721,photo
164654621,photo
164654631,photo
165540001,photo
165540081,photo
165540091,photo
165540111,photo
165815091,photo
165815141,photo
165815201,photo
165815221,photo
165815231,photo
165815241,photo
165815251,photo
165815261,photo
166075251,photo
166075431,photo
166075521,photo
166075621,photo
166075661,photo
166075671,photo
166075751,photo
166075761,photo
166075771,photo
166166451,photo
166166511,photo
166166521,photo
166166551,photo
166166571,photo
166166611,photo
166168491,photo
166175481,photo
166456181,photo
166519721,photo
166590121,photo
166590211,photo
166590241,photo
166719431,photo
166854131,photo
166854151,photo
166933871,photo
166933941,photo
166933951,photo
166933961,photo
166933971,photo
166933991,photo
166971131,photo
167070831,photo
167070841,photo
167070851,photo
167070991,photo
167225001,photo
167225011,photo
167225021,photo
167225041,photo
167225291,photo
167225381,photo
167225431,photo
167515971,photo
167516001,photo
167516021,photo
167516031,photo
167567061,photo
167567101,photo
167567931,photo
167567991,photo
167568171,photo
167568181,photo
167568551,photo
167569051,photo
167569341,photo
167569431,photo
168185071,photo
168565741,photo
169216091,photo
169216101,photo
169216111,photo
169216191,photo
169216291,photo
170290661,photo
170290691,photo
170290721,photo
177398261,photo
177398321,photo
177398331,photo
177398371,photo
177398451,photo
177398581,photo
177398621,photo
177398671,photo
177398681,photo
177398691,photo
177501471,photo
177501481,photo
179924811,photo
179924861,photo
180386291,photo
180386321,photo
180386431,photo
180786541,photo
181504671,photo
184801711,photo
184801751,photo
184880661,photo
184880691,photo
184880701,photo
184880791,photo
184880811,photo
184880831,photo
184880841,photo
184880871,photo
185425821,photo
185706861,photo
185706921,photo
185771231,photo
185771241,photo
185774531,photo
187153351,photo
187153371,photo
187153381,photo
187153411,photo
187153421,photo
187527441,photo
187527681,photo
187528201,photo
188418921,photo
188419041,photo
188419111,photo
188419151,photo
188419161,photo
188419231,photo
188419271,photo
188503691,photo
188503701,photo
188503721,photo
188503771,photo
188503781,photo
188503791,photo
188503801,photo
189693561,photo
190320821,photo
190364161,photo
191945481,photo
194210591,photo
194210621,photo
196782891,photo
196782901,photo
203091371,photo
20473761,photo
20474041,photo
20474601,photo
20474801,photo
20475001,photo
20475041,photo
20475051,photo
20475061,photo
20478481,photo
20478491,photo
20478521,photo
20478781,photo
20478801,photo
20478821,photo
20478851,photo
20478881,photo
20478901,photo
20498181,photo
20498191,photo
20505321,photo
20505331,photo
20505341,photo
207328861,photo
207329051,photo
207329161,photo
207329391,photo
207329401,photo
207329411,photo
209705851,photo
209876581,photo
209876631,photo
209876641,photo
209876671,photo
209876711,photo
209876781,photo
21082521,photo
21082531,photo
21082541,photo
21082551,photo
21082561,photo
21082591,photo
21082601,photo
21082611,photo
21082621,photo
21082631,photo
21082641,photo
21082651,photo
21082661,photo
21082671,photo
21082681,photo
21082691,photo
21082701,photo
21082711,photo
21082721,photo
21082731,photo
21082741,photo
21082751,photo
21082761,photo
21082771,photo
21082781,photo
21082831,photo
21082841,photo
21082851,photo
21082861,photo
21082871,photo
21082881,photo
21082891,photo
21082901,photo
21082911,photo
21083301,photo
21083311,photo
21083321,photo
21083331,photo
21083361,photo
21083371,photo
21083381,photo
21083391,photo
21083401,photo
21098951,photo
21099071,photo
21099081,photo
21099091,photo
21099101,photo
21099121,photo
21099171,photo
21099191,photo
21099211,photo
21099231,photo
21099261,photo
21099331,photo
21099381,photo
21099451,photo
21099511,photo
21099521,photo
21099531,photo
21099541,photo
21099561,photo
21099601,photo
21099631,photo
21099651,photo
21099671,photo
21099711,photo
21099721,photo
21099741,photo
21099751,photo
21099761,photo
21099771,photo
21099781,photo
21099811,photo
21099821,photo
21099831,photo
21099841,photo
21099921,photo
21099931,photo
21099941,photo
21099971,photo
21099981,photo
21099991,photo
21100091,photo
21100131,photo
21100151,photo
21100191,photo
21100201,photo
21100241,photo
21100291,photo
21100301,photo
21100311,photo
21100331,photo
21100351,photo
21100401,photo
21100421,photo
21100431,photo
21100451,photo
21100471,photo
21100481,photo
21100501,photo
21100561,photo
21100571,photo
21100581,photo
21100671,photo
21100701,photo
21100721,photo
21100731,photo
21100761,photo
21100851,photo
21100871,photo
21100941,photo
21100951,photo
21100961,photo
21100971,photo
21101001,photo
21101011,photo
21101021,photo
21101031,photo
21101041,photo
21101081,photo
21101091,photo
21101101,photo
21101111,photo
21101121,photo
21101141,photo
21101151,photo
21101161,photo
21101171,photo
21101191,photo
21101231,photo
21101241,photo
21101281,photo
21101291,photo
21101301,photo
21101311,photo
21101331,photo
21101351,photo
21101371,photo
21101391,photo
21101401,photo
21101411,photo
21101421,photo
21101431,photo
21101441,photo
21101451,photo
21101611,photo
21101621,photo
21101631,photo
21101641,photo
21101651,photo
21101661,photo
21101711,photo
21101721,photo
21101771,photo
21101791,photo
21101801,photo
21101811,photo
21101821,photo
21101881,photo
21101941,photo
21101951,photo
21101981,photo
21102001,photo
21102021,photo
21102041,photo
21102051,photo
21102061,photo
21102071,photo
21102081,photo
21102091,photo
21102111,photo
21102121,photo
21102141,photo
21102171,photo
21102181,photo
21111581,photo
21111591,photo
21111601,photo
21111611,photo
21111631,photo
21111641,photo
21111651,photo
21111661,photo
21111671,photo
21111681,photo
21111691,photo
21111701,photo
21111711,photo
21111721,photo
21111751,photo
21111761,photo
21111781,photo
21111791,photo
21111801,photo
21111811,photo
21111821,photo
21111831,photo
21111841,photo
21111851,photo
21111861,photo
21111871,photo
21111881,photo
21111891,photo
21111901,photo
21111911,photo
21111921,photo
21111931,photo
21111941,photo
21111961,photo
21111971,photo
21111981,photo
21111991,photo
21112001,photo
21112011,photo
21112021,photo
21112031,photo
21112051,photo
21112061,photo
21112081,photo
21112091,photo
21112111,photo
21112121,photo
21112131,photo
21112141,photo
21112171,photo
21112181,photo
21112191,photo
21112201,photo
21112211,photo
21112221,photo
21112231,photo
21112241,photo
21112251,photo
21112271,photo
21112281,photo
21112291,photo
21112311,photo
21112321,photo
21112331,photo
21112351,photo
21112361,photo
21112381,photo
21112391,photo
21112401,photo
21112411,photo
21112421,photo
21112431,photo
21112441,photo
21112451,photo
21112461,photo
21112471,photo
21112481,photo
21112491,photo
21112501,photo
21112511,photo
21112531,photo
21112541,photo
21112551,photo
21112561,photo
21112581,photo
21112591,photo
21112611,photo
21112621,photo
21112631,photo
21112641,photo
21112651,photo
21112661,photo
21112671,photo
21112681,photo
21112691,photo
21112701,photo
21112841,photo
21112851,photo
21112861,photo
21117911,photo
21117921,photo
21117941,photo
21117951,photo
212761811,photo
212761821,photo
212761831,photo
212761841,photo
212761851,photo
212761871,photo
213069201,photo
213069221,photo
213069251,photo
213069281,photo
213069341,photo
213069361,photo
213069391,photo
213069471,photo
213069481,photo
213069501,photo
213069531,photo
213069561,photo
213069591,photo
213069701,photo
213069711,photo
213076431,photo
213076461,photo
213076481,photo
213076491,photo
213076541,photo
213076551,photo
213076561,photo
213076591,photo
213076601,photo
213083011,photo
213083201,photo
213084301,photo
213362331,photo
213362351,photo
213362361,photo
213362381,photo
213362441,photo
213362461,photo
213362481,photo
213363201,photo
213363601,photo
213363991,photo
213364031,photo
213364601,photo
213364641,photo
213365241,photo
213365531,photo
213366941,photo
213366981,photo
213627371,photo
213627411,photo
213627431,photo
213627471,photo
213627481,photo
213627491,photo
213653381,photo
213653461,photo
213653481,photo
213653491,photo
213653501,photo
213653521,photo
213653591,photo
213653641,photo
213653731,photo
213653771,photo
213654021,photo
213654031,photo
213697951,photo
213697961,photo
213697981,photo
213698061,photo
213698071,photo
213698081,photo
213698131,photo
213698151,photo
213698161,photo
213866051,photo
213866061,photo
213867441,photo
213867451,photo
213867461,photo
214039991,photo
214040131,photo
214040141,photo
214040161,photo
214040601,photo
214040711,photo
214046071,photo
214107811,photo
214297901,photo
214297941,photo
214297971,photo
214297981,photo
214297991,photo
214298001,photo
214298031,photo
214298241,photo
214298301,photo
214515041,audio
214552701,photo
214552721,photo
214757311,photo
214757321,photo
214757331,photo
214757341,photo
214757701,photo
214757781,photo
214757811,photo
214757821,photo
214757851,photo
214840281,photo
214840311,photo
214840321,photo
214840341,photo
214840351,photo
221214871,photo
221215171,photo
221215261,photo
222904151,photo
222904191,photo
222904231,photo
22361261,photo
22361381,photo
22361391,photo
22361431,photo
22361441,photo
22361451,photo
22361471,photo
22361481,photo
22361541,photo
22361551,photo
22361561,photo
22361571,photo
22361581,photo
22361591,photo
22361601,photo
22361611,photo
22361621,photo
22361631,photo
22361711,photo
22361721,photo
22361731,photo
22361761,photo
22361951,photo
22361991,photo
22362141,photo
22362151,photo
22362171,photo
22362181,photo
22362191,photo
22362201,photo
22362211,photo
22362251,photo
22362271,photo
22362321,photo
22362331,photo
22362341,photo
22362351,photo
22362371,photo
22362381,photo
22362391,photo
22362451,photo
22362481,photo
22362491,photo
22362501,photo
22362511,photo
22362521,photo
22362531,photo
22362541,photo
22362571,photo
22362591,photo
22362601,photo
22362611,photo
22363901,photo
22363921,photo
22363941,photo
22363961,photo
22366471,photo
22366481,photo
22366491,photo
22366501,photo
22366541,photo
22366571,photo
22366591,photo
22366641,photo
22366651,photo
22366661,photo
22366711,photo
22366761,photo
22366771,photo
22366781,photo
22366841,photo
22366881,photo
22366891,photo
22366911,photo
22366931,photo
22366941,photo
22366971,photo
22366981,photo
22366991,photo
22367011,photo
22367031,photo
22367051,photo
22367061,photo
22367071,photo
22367091,photo
22367101,photo
22367111,photo
22367141,photo
22367151,photo
22367161,photo
22367261,photo
22367271,photo
22367391,photo
22367401,photo
22367411,photo
22367421,photo
22367431,photo
22367551,photo
22367581,photo
22367631,photo
22368211,photo
22368281,photo
22368291,photo
22368301,photo
22368321,photo
22368341,photo
22368351,photo
22368411,photo
22368451,photo
22368461,photo
22368471,photo
22368481,photo
22368491,photo
22368521,photo
22368531,photo
22368541,photo
22368601,photo
22368611,photo
22368621,photo
22368641,photo
22368651,photo
22368661,photo
22368681,photo
22368731,photo
22368761,photo
22368771,photo
22368781,photo
22368811,photo
22368821,photo
22368831,photo
22368921,photo
22368961,photo
22369011,photo
22369021,photo
22369031,photo
22369041,photo
22369081,photo
22369091,photo
22369101,photo
22369131,photo
22369161,photo
22369231,photo
22369281,photo
22369291,photo
22369301,photo
22369311,photo
22369391,photo
22369401,photo
22369461,photo
22369471,photo
22369491,photo
22369521,photo
22369561,photo
22369611,photo
22369621,photo
22369681,photo
22369691,photo
22369721,photo
22369731,photo
22369741,photo
22369811,photo
22369831,photo
22369841,photo
22369851,photo
22369881,photo
22369911,photo
22369981,photo
22370001,photo
22370041,photo
22370051,photo
22370061,photo
22370071,photo
22370181,photo
22370291,photo
22370381,photo
22370471,photo
22374771,photo
22374781,photo
22374791,photo
22374891,photo
22374931,photo
22374951,photo
22375001,photo
22375011,photo
22375021,photo
22375071,photo
22375081,photo
22375091,photo
22375111,photo
22375121,photo
22375131,photo
22375261,photo
22375361,photo
22375381,photo
22375401,photo
22375411,photo
22375421,photo
22375451,photo
22375461,photo
22376161,photo
22376201,photo
22376211,photo
22376221,photo
22376231,photo
22376241,photo
22376261,photo
22376291,photo
22376301,photo
22376321,photo
22376331,photo
22376351,photo
22376361,photo
22376371,photo
22376381,photo
22376391,photo
22376431,photo
22376451,photo
22376471,photo
22376491,photo
22376501,photo
22376721,photo
22376741,photo
22376751,photo
22376781,photo
22376851,photo
22376921,photo
22376931,photo
22376951,photo
22377021,photo
22377031,photo
22377061,photo
22377071,photo
22377081,photo
22377121,photo
22377151,photo
22389371,photo
22389381,photo
22389391,photo
22389401,photo
22389411,photo
22389421,photo
22389821,photo
22389841,photo
22390971,photo
22390991,photo
22391011,photo
22391041,photo
22391331,photo
22391341,photo
22391361,photo
22391371,photo
22391391,photo
22392431,photo
22392441,photo
22392451,photo
22392481,photo
22392501,photo
22392511,photo
22392541,photo
22392561,photo
22392581,photo
22392591,photo
22393771,photo
22393781,photo
22393791,photo
22393801,photo
22393841,photo
22393861,photo
22393871,photo
22393901,photo
22393921,photo
22393951,photo
22393961,photo
22393971,photo
22393991,photo
22394001,photo
22394011,photo
22394021,photo
22394041,photo
22394051,photo
22394081,photo
22394091,photo
22394101,photo
22394111,photo
22394151,photo
22394171,photo
22394191,photo
22394211,photo
22394221,photo
22394231,photo
22394251,photo
22394261,photo
22394281,photo
22394291,photo
22394351,photo
22394361,photo
22394431,photo
22394441,photo
22394451,photo
22394461,photo
22394471,photo
22394701,photo
22394721,photo
22394731,photo
22394741,photo
22395061,photo
22395071,photo
22395111,photo
22395121,photo
22395131,photo
22395141,photo
22395151,photo
22395171,photo
22396201,photo
22396211,photo
22396461,photo
22396481,photo
22396501,photo
22396601,photo
22396611,photo
22396621,photo
22396631,photo
22396651,photo
22396661,photo
22396671,photo
22396701,photo
22396711,photo
22396731,photo
22396761,photo
22396771,photo
22396781,photo
22396791,photo
22396801,photo
22396821,photo
22396831,photo
22396841,photo
22396851,photo
22396861,photo
22396871,photo
22396881,photo
22396891,photo
22396901,photo
22396941,photo
22396951,photo
22396961,photo
22396971,photo
22396981,photo
22397001,photo
22397011,photo
22397021,photo
22397031,photo
22397041,photo
22397051,photo
22397301,photo
22397311,photo
22397351,photo
22397361,photo
22397371,photo
22397381,photo
22397391,photo
22397401,photo
22399331,photo
22399371,photo
22399421,photo
22399461,photo
22399471,photo
22399481,photo
22399491,photo
22399501,photo
22399531,photo
22399551,photo
22399561,photo
22399571,photo
22399581,photo
22399591,photo
22399611,photo
22399621,photo
22399651,photo
22401381,photo
22401401,photo
22401421,photo
22401431,photo
22401531,photo
22401551,photo
22401581,photo
22401591,photo
22401601,photo
22401611,photo
22404771,photo
22404851,photo
22404861,photo
22404881,photo
22404901,photo
22404941,photo
22404951,photo
22405061,photo
22405101,photo
22405111,photo
22405121,photo
22407211,photo
22407221,photo
22407231,photo
22407241,photo
22407271,photo
22407281,photo
22407291,photo
22407311,photo
22407341,photo
22407351,photo
22407391,photo
22407401,photo
22407411,photo
22407451,photo
22407481,photo
22407491,photo
22407501,photo
22407511,photo
22408181,photo
22408211,photo
22408221,photo
22408231,photo
22408241,photo
22408261,photo
22408361,photo
22408381,photo
22408401,photo
22408501,photo
22408511,photo
22408521,photo
22408531,photo
22408571,photo
22408611,photo
22408621,photo
22408641,photo
22408671,photo
22408691,photo
22408701,photo
22408711,photo
22408981,photo
22408991,photo
22409161,photo
22409171,photo
22409221,photo
22409251,photo
22409301,photo
22409341,photo
22409351,photo
22409461,photo
22409511,photo
22409551,photo
22409561,photo
22409571,photo
22409621,photo
22409631,photo
22409641,photo
22409661,photo
22409681,photo
22409731,photo
22409751,photo
22409801,photo
22412251,photo
22412271,photo
22412281,photo
22412301,photo
22412321,photo
22412331,photo
22412361,photo
22412371,photo
22412381,photo
22414471,photo
22414501,photo
22414541,photo
22414581,photo
22414601,photo
22414661,photo
22414721,photo
22414731,photo
22414981,photo
22415011,photo
22415021,photo
22415151,photo
22415161,photo
22415171,photo
22415201,photo
22415211,photo
22415241,photo
22415291,photo
22415401,photo
22415411,photo
22415421,photo
22415471,photo
22415501,photo
22415541,photo
22415611,photo
22415661,photo
22415671,photo
22415681,photo
22415731,photo
22415751,photo
22415771,photo
22415781,photo
22415791,photo
22415851,photo
22416131,photo
22416151,photo
22416171,photo
22416211,photo
22416221,photo
22416231,photo
22416261,photo
22416341,photo
22416491,photo
22416501,photo
22416551,photo
22416561,photo
22416601,photo
22416691,photo
22416751,photo
22416781,photo
22416841,photo
22416851,photo
22416861,photo
22416871,photo
22416891,photo
22416901,photo
22430541,photo
22430561,photo
22430571,photo
22430611,photo
22430651,photo
22430691,photo
22430701,photo
22430721,photo
22430771,photo
22430781,photo
22431761,photo
22431771,photo
22431791,photo
22431931,photo
22431961,photo
22431981,photo
22434171,photo
22434181,photo
22434211,photo
22434231,photo
22434261,photo
22434271,photo
22434311,photo
22434321,photo
22434331,photo
22434351,photo
22434381,photo
22434391,photo
22434411,photo
22434431,photo
22434441,photo
22434491,photo
22434511,photo
22434571,photo
22434581,photo
22434601,photo
22434611,photo
22434651,photo
22434661,photo
22434691,photo
22434701,photo
22434711,photo
22434721,photo
22434731,photo
22434771,photo
22434861,photo
22434881,photo
22434921,photo
22434941,photo
22435071,photo
22435171,photo
22435311,photo
22435371,photo
22435381,photo
22435421,photo
22435431,photo
22435471,photo
22435551,photo
22435561,photo
22435571,photo
22435601,photo
22435611,photo
22435641,photo
22435651,photo
22435661,photo
22435681,photo
22435841,photo
22435851,photo
22435861,photo
22435871,photo
22435881,photo
22435901,photo
22435911,photo
22435921,photo
22436041,photo
22436051,photo
22436061,photo
22436101,photo
22436131,photo
22436141,photo
22436151,photo
22436161,photo
22436171,photo
22436211,photo
22436231,photo
22436241,photo
22436251,photo
22436261,photo
22436461,photo
22436471,photo
22436481,photo
22436491,photo
22448041,photo
22448051,photo
22448061,photo
22448091,photo
22448101,photo
22448151,photo
22448181,photo
22448191,photo
22448201,photo
22448261,photo
22448281,photo
22448351,photo
22448471,photo
22448501,photo
22448561,photo
22448581,photo
22448591,photo
22448641,photo
22448661,photo
22448671,photo
22448721,photo
22448811,photo
22448821,photo
22448871,photo
22448891,photo
22448921,photo
22448931,photo
22448951,photo
22448971,photo
22448981,photo
22449001,photo
22449011,photo
22449051,photo
22449071,photo
22449081,photo
22449101,photo
22449111,photo
22449191,photo
22449211,photo
22449241,photo
22449251,photo
22449291,photo
22449341,photo
22449351,photo
22449361,photo
22449381,photo
22449461,photo
22449471,photo
22449481,photo
22449511,photo
22449521,photo
22449551,photo
22449561,photo
22449571,photo
22449641,photo
22449651,photo
22449671,photo
22449691,photo
22449701,photo
22449841,photo
22449851,photo
22450031,photo
22450071,photo
22450081,photo
22450141,photo
22450171,photo
22450231,photo
22450281,photo
22450291,photo
22450321,photo
22450361,photo
22450391,photo
22450441,photo
22450541,photo
22450551,photo
22450561,photo
22450701,photo
22450711,photo
22450731,photo
22450741,photo
22450751,photo
22450981,photo
22451021,photo
22451041,photo
22451101,photo
22451121,photo
22451131,photo
22451151,photo
22451161,photo
22451201,photo
22451221,photo
22451251,photo
22451301,photo
22451371,photo
22451381,photo
22451401,photo
22451421,photo
22451471,photo
22451891,photo
22451901,photo
22451921,photo
22451931,photo
22451941,photo
22451951,photo
22451971,photo
22451981,photo
22452061,photo
22452071,photo
22452081,photo
22452091,photo
22452101,photo
22452111,photo
22452121,photo
22452161,photo
22452181,photo
22452211,photo
22452221,photo
22452251,photo
22452271,photo
22452281,photo
22452321,photo
22452411,photo
22452521,photo
22452611,photo
22452661,photo
22452711,photo
22452741,photo
22452771,photo
22452791,photo
22452811,photo
22452821,photo
22452831,photo
22452851,photo
22452861,photo
22452911,photo
22452931,photo
22452941,photo
22453001,photo
22453011,photo
22453071,photo
22453631,photo
22453641,photo
22453651,photo
22460671,photo
22460871,photo
22460881,photo
22460891,photo
22460921,photo
22460981,photo
22461241,photo
22461281,photo
22461361,photo
22461421,photo
22461431,photo
22461451,photo
22461461,photo
22461471,photo
22461521,photo
22461541,photo
22461641,photo
22461661,photo
22461671,photo
22461761,photo
22461771,photo
22461791,photo
22461931,photo
22461941,photo
22462011,photo
22462061,photo
22462091,photo
22462131,photo
22462181,photo
22462281,photo
22462311,photo
22462381,photo
22462391,photo
22482671,photo
22482681,photo
22482691,photo
22482701,photo
22482721,photo
22482751,photo
22482761,photo
22482781,photo
22482791,photo
22482801,photo
22482821,photo
22482831,photo
22482861,photo
22482881,photo
22482891,photo
22482901,photo
22482911,photo
22482921,photo
22482931,photo
22482961,photo
22482971,photo
22482981,photo
22486051,photo
22486891,photo
22486911,photo
22486961,photo
22486971,photo
22486981,photo
22487011,photo
22487021,photo
22488101,photo
22488111,photo
22488121,photo
22488141,photo
22488151,photo
22488211,photo
22488281,photo
22489821,photo
22489831,photo
22490861,photo
22491031,photo
22491041,photo
22491051,photo
22491071,photo
22491171,photo
22491181,photo
22491191,photo
22491201,photo
22491301,photo
22491321,photo
22491331,photo
22491341,photo
22491421,photo
22491431,photo
22491441,photo
22491451,photo
22491491,photo
22491501,photo
22491511,photo
22491521,photo
22493181,photo
22493211,photo
22493271,photo
22493281,photo
22493291,photo
22493301,photo
22493331,photo
22493371,photo
22493401,photo
22493421,photo
22493491,photo
22493521,photo
22493621,photo
22493631,photo
22493731,photo
22493741,photo
22493751,photo
22493761,photo
22493851,photo
22493891,photo
22493901,photo
22493931,photo
22493941,photo
22495801,photo
22495871,photo
22495881,photo
22495891,photo
22495901,photo
22495911,photo
22495971,photo
22496001,photo
22496021,photo
22496361,photo
22496371,photo
22496381,photo
22496441,photo
22496461,photo
22496471,photo
22496551,photo
22496561,photo
22496571,photo
22496581,photo
22496591,photo
22496601,photo
22496611,photo
22496641,photo
22496651,photo
22496681,photo
22496711,photo
22496721,photo
22496731,photo
22496741,photo
22496761,photo
22496771,photo
22496781,photo
22496791,photo
22496901,photo
22496931,photo
22496941,photo
22496951,photo
22496971,photo
22496981,photo
22496991,photo
22497091,photo
22497111,photo
22497121,photo
22497131,photo
22497251,photo
22497261,photo
22497271,photo
22497311,photo
22497351,photo
22497361,photo
22497381,photo
22497441,photo
22497451,photo
22497551,photo
22499271,photo
22499741,photo
22499901,photo
22499971,photo
22502411,photo
22502421,photo
22502431,photo
22502441,photo
22502451,photo
22502481,photo
22502501,photo
22502511,photo
22502591,photo
22502661,photo
22502671,photo
22502711,photo
22502731,photo
22502761,photo
22502771,photo
22502791,photo
22502801,photo
22502821,photo
22502841,photo
22502851,photo
22502871,photo
22502971,photo
22502981,photo
22502991,photo
22503001,photo
22503081,photo
22503101,photo
22503121,photo
22503171,photo
22503201,photo
22503211,photo
22503231,photo
22503241,photo
22503251,photo
22503261,photo
22503271,photo
22503321,photo
22503331,photo
22503371,photo
22503381,photo
22503391,photo
22503411,photo
22503461,photo
22503471,photo
22503481,photo
22503511,photo
22503521,photo
22503541,photo
22503631,photo
22503661,photo
22503681,photo
22503691,photo
22503701,photo
22503731,photo
22503801,photo
22503821,photo
22503841,photo
22503851,photo
22503931,photo
22503961,photo
22503981,photo
22503991,photo
22504081,photo
22504101,photo
22504111,photo
22504131,photo
22504141,photo
22504241,photo
22504281,photo
22504291,photo
22504331,photo
22526101,photo
22526111,photo
22526121,photo
22526131,photo
22526141,photo
22526151,photo
22526211,photo
22526221,photo
22526241,photo
22526251,photo
22526271,photo
22526281,photo
22526311,photo
22526351,photo
22526371,photo
22526391,photo
22526401,photo
22526421,photo
22526431,photo
22526441,photo
22526451,photo
22526461,photo
22526491,photo
22526501,photo
22526541,photo
22526561,photo
22526571,photo
22526581,photo
22526591,photo
22526601,photo
22526621,photo
22526641,photo
22526681,photo
22526691,photo
22526701,photo
22526711,photo
22526731,photo
22526741,photo
22526771,photo
22526781,photo
22526831,photo
22526851,photo
22526861,photo
22526881,photo
22526901,photo
22526911,photo
22526941,photo
22526951,photo
22526961,photo
22526981,photo
22527011,photo
22527021,photo
22527061,photo
22527091,photo
22527101,photo
22527111,photo
22527181,photo
22527191,photo
22527251,photo
22527261,photo
22527271,photo
22527311,photo
22527331,photo
22527361,photo
22527371,photo
22527411,photo
22527421,photo
22527431,photo
22527441,photo
22527461,photo
22527471,photo
22527481,photo
22527491,photo
22527501,photo
22527521,photo
22527701,photo
22527711,photo
22533831,photo
22533841,photo
22533871,photo
22533881,photo
22533901,photo
22533911,photo
22533921,photo
22533941,photo
22533951,photo
22533971,photo
22533981,photo
22533991,photo
22534061,photo
22534071,photo
22534081,photo
22534091,photo
22534101,photo
22534111,photo
22534121,photo
22534131,photo
22534141,photo
22534151,photo
22534161,photo
22534171,photo
22534181,photo
22534191,photo
22534201,photo
22534221,photo
22534251,photo
22534271,photo
22534281,photo
22534291,photo
22534321,photo
22534331,photo
22534361,photo
22534371,photo
22534421,photo
22534441,photo
22534471,photo
22534491,photo
22534501,photo
22534511,photo
22534531,photo
22534541,photo
22534561,photo
22534571,photo
22534581,photo
22534591,photo
22534601,photo
22534611,photo
22534691,photo
22534701,photo
22534751,photo
22534821,photo
22535041,photo
22535061,photo
22535101,photo
22535141,photo
22535221,photo
22535231,photo
22535261,photo
22535431,photo
22535451,photo
22535511,photo
22535581,photo
22535611,photo
22535621,photo
22535631,photo
22535701,photo
22535711,photo
22535881,photo
22535891,photo
22535901,photo
22535941,photo
22536101,photo
22536131,photo
22536211,photo
22536221,photo
22536251,photo
22536261,photo
22536281,photo
22536301,photo
22536321,photo
22536331,photo
22536401,photo
22536431,photo
22553621,photo
22553661,photo
22553711,photo
22568791,photo
22568801,photo
22568811,photo
22568821,photo
22568841,photo
22568851,photo
22568871,photo
22568891,photo
22571051,photo
22571061,photo
22571071,photo
22571081,photo
22571101,photo
22571111,photo
22571121,photo
22571141,photo
22571151,photo
22571191,photo
22571201,photo
22571211,photo
22571221,photo
22571241,photo
22571251,photo
22571261,photo
22571271,photo
22571281,photo
22573211,photo
22573241,photo
22573251,photo
22573261,photo
22573281,photo
22573301,photo
22573311,photo
22573321,photo
22573331,photo
22573351,photo
22573361,photo
22573371,photo
22573431,photo
22573451,photo
22573491,photo
22574301,photo
22574311,photo
22574321,photo
22574391,photo
22574431,photo
22574441,photo
22574491,photo
22574501,photo
22574531,photo
22574541,photo
22574551,photo
22574561,photo
22574581,photo
22574611,photo
22574621,photo
22575801,photo
22575821,photo
22575831,photo
22575851,photo
22575861,photo
22575871,photo
22575911,photo
22575921,photo
22575991,photo
22576021,photo
22576051,photo
22576061,photo
22576081,photo
22576101,photo
22576111,photo
22576171,photo
22576221,photo
22576261,photo
22576271,photo
22576281,photo
22576311,photo
22576321,photo
22576351,photo
22576381,photo
22576451,photo
22576641,photo
22576671,photo
22576681,photo
22576691,photo
22576701,photo
22576711,photo
22576721,photo
22576731,photo
22576781,photo
22576811,photo
22576821,photo
22576901,photo
22576961,photo
22577171,photo
22577181,photo
22577191,photo
22577241,photo
22577291,photo
22577301,photo
22577331,photo
22577351,photo
22577361,photo
22577411,photo
22577421,photo
22577461,photo
22577481,photo
22577491,photo
22577541,photo
22577601,photo
22577611,photo
22577621,photo
22577651,photo
22577661,photo
22577881,photo
22577911,photo
22577921,photo
22577971,photo
22577991,photo
22578001,photo
22578011,photo
22578021,photo
22578031,photo
22578241,photo
22585571,photo
22585581,photo
22585591,photo
22585601,photo
22585631,photo
22586001,photo
22586121,photo
22586131,photo
22586221,photo
22586251,photo
22586261,photo
22586271,photo
22586281,photo
22586291,photo
22586321,photo
22586411,photo
22586421,photo
22586491,photo
22586541,photo
22586551,photo
22586561,photo
22586631,photo
22586641,photo
22586661,photo
22586681,photo
22586711,photo
22586791,photo
22586801,photo
22587011,photo
22587021,photo
22587051,photo
22587061,photo
22587071,photo
22587081,photo
22587201,photo
22594111,photo
22594131,photo
228752921,photo
228752961,photo
229460751,photo
229460761,photo
229460921,photo
229460961,photo
230155011,photo
231065201,photo
231073561,photo
232090771,photo
232090781,photo
232090791,photo
232090911,photo
232090921,photo
232090941,photo
232090951,photo
232090971,photo
232091011,photo
232091041,photo
232091831,photo
232533531,photo
232533631,photo
233068751,photo
233068761,photo
233068801,photo
233068821,photo
233068921,photo
233068981,photo
233069121,photo
233069281,photo
233069301,photo
233069341,photo
234518641,photo
234518651,photo
234518711,photo
234518741,photo
235354961,photo
235354971,photo
235354981,photo
235354991,photo
235355031,photo
235355181,photo
235746521,photo
235746631,photo
235747161,photo
236024241,photo
236024251,photo
236024381,photo
236256161,photo
236334771,photo
236334831,photo
236334941,photo
236335031,photo
237180481,photo
237180491,photo
237180511,photo
237306591,photo
237306751,photo
237306861,photo
237658781,photo
237658841,photo
237658901,photo
237658931,photo
237658981,photo
237927681,photo
237927691,photo
237928131,photo
239842271,photo
239842281,photo
239842291,photo
239842301,photo
239842461,photo
239842471,photo
239842491,photo
239842561,photo
241761671,photo
241761681,photo
241778971,photo
241778991,photo
241779011,photo
242887041,photo
242887061,photo
242887071,photo
242887131,photo
242887141,photo
242887151,photo
243051051,photo
243051071,photo
243340661,photo
243341421,photo
243341461,photo
243767601,photo
243767651,photo
243767771,photo
243767861,photo
244805811,photo
244805821,photo
244805831,photo
244805891,photo
245859501,photo
245859551,photo
245859621,photo
245859631,photo
245901691,photo
247737301,photo
247737311,photo
247737321,photo
247737601,photo
247737661,photo
247861811,photo
247861841,photo
247861851,photo
247861891,photo
247861911,photo
247861951,photo
247861971,photo
247862181,photo
248252401,photo
248252411,photo
248252421,photo
248252441,photo
248323721,photo
248323861,photo
251312361,photo
251312951,photo
251312961,photo
251312971,photo
251313021,photo
252403531,photo
254555221,photo
254555231,photo
256642601,photo
256642721,photo
256642741,photo
258443261,photo
258447521,photo
258447531,photo
259030701,photo
262475501,photo
262475561,photo
262475601,photo
262475681,photo
262475741,photo
262642441,photo
264510981,photo
264511021,photo
266001211,photo
266002871,photo
268187891,photo
270246871,photo
270250151,photo
272991661,photo
274727211,photo
274727291,photo
274727591,photo
275243961,photo
276494481,photo
276713241,photo
281736041,photo
28273181,photo
283906361,photo
283906371,photo
287852741,photo
287852761,photo
289861741,photo
289861761,photo
289861881,photo
290131481,photo
290133561,photo
290135451,photo
290136291,photo
290141701,photo
290197541,photo
290197581,photo
290197591,photo
290406231,photo
292505901,photo
292507311,photo
292507431,photo
292646301,photo
292646311,photo
292646341,photo
292646371,photo
292646381,photo
293729751,photo
293729771,photo
293729781,photo
293729811,photo
293729841,photo
293730021,photo
294167781,photo
29630311,photo
29630331,photo
29630341,photo
29630351,photo
29630361,photo
29630371,photo
29630381,photo
29630521,photo
29630531,photo
29630551,photo
29630611,photo
29630631,photo
29630641,photo
29630671,photo
29630681,photo
29630691,photo
29630741,photo
29630761,photo
29630801,photo
29630971,photo
29630991,photo
29631001,photo
29631041,photo
29631071,photo
29631081,photo
29631121,photo
29631141,photo
29631161,photo
29631221,photo
29631231,photo
29631251,photo
29631301,photo
29631311,photo
29631341,photo
29631391,photo
29631401,photo
29631421,photo
29631431,photo
29631441,photo
29631481,photo
29631511,photo
29631531,photo
29631551,photo
29631561,photo
29631571,photo
29631591,photo
29631611,photo
29631621,photo
29631651,photo
29631661,photo
29631721,photo
29631741,photo
29631751,photo
29631761,photo
29631841,photo
29631941,photo
29631961,photo
29632051,photo
29632101,photo
29632141,photo
29632161,photo
29632171,photo
29632181,photo
29632221,photo
29632231,photo
29632241,photo
29632271,photo
29632291,photo
29632361,photo
29632511,photo
29632541,photo
29632551,photo
29632571,photo
29632631,photo
29632641,photo
29632651,photo
29632661,photo
29632671,photo
29632691,photo
29632701,photo
29632741,photo
29632751,photo
29632761,photo
29632771,photo
29632781,photo
29632801,photo
29632831,photo
29632841,photo
29632851,photo
29632861,photo
29632871,photo
29632901,photo
29632911,photo
29632931,photo
29632941,photo
29632951,photo
29632991,photo
29633031,photo
29633041,photo
29633131,photo
29633181,photo
29633201,photo
29633231,photo
29633301,photo
29633321,photo
29633351,photo
29633441,photo
29633461,photo
29633511,photo
29633541,photo
29633691,photo
29633731,photo
29633771,photo
29633821,photo
29633831,photo
29633841,photo
29634001,photo
29634061,photo
29634081,photo
29634111,photo
29634121,photo
29634151,photo
29634171,photo
29634221,photo
29634271,photo
29634281,photo
29634331,photo
29634371,photo
29634451,photo
29634461,photo
29634471,photo
29634481,photo
29634531,photo
29634551,photo
29634561,photo
29634591,photo
29651591,photo
29651601,photo
29651611,photo
29651621,photo
29651641,photo
29651651,photo
29651661,photo
29651671,photo
29651681,photo
29651691,photo
29651701,photo
29651711,photo
29651721,photo
29651731,photo
29651741,photo
29651751,photo
29651761,photo
29651771,photo
29652111,photo
29652131,photo
29652141,photo
29652161,photo
29652171,photo
29652231,photo
29652241,photo
29652251,photo
29652281,photo
29682791,photo
29682801,photo
29682821,photo
29682831,photo
29682851,photo
29682861,photo
29683581,photo
29683591,photo
29683611,photo
29683631,photo
29683651,photo
29683661,photo
29683671,photo
29683681,photo
29683701,photo
29683761,photo
29683821,photo
29683851,photo
29683861,photo
29683911,photo
29683921,photo
29683971,photo
29683981,photo
29683991,photo
30140421,photo
30140431,photo
30140441,photo
30140471,photo
303083711,photo
303083741,photo
30316751,photo
303184231,photo
30806551,photo
30806651,photo
30806661,photo
309067551,photo
309067561,photo
309069711,photo
309070901,photo
310883681,photo
310883771,photo
310883781,photo
310883791,photo
310883861,photo
310883931,photo
31149401,photo
31149421,photo
31149451,photo
313641331,photo
313641371,photo
313641401,photo
313641451,photo
313641471,photo
313641531,photo
313641561,photo
31496671,photo
31496761,photo
31496831,photo
31496861,photo
31496881,photo
31496891,photo
31496911,photo
31497341,photo
31497411,photo
31497421,photo
31497451,photo
31497461,photo
31497471,photo
31497511,photo
31497541,photo
31497551,photo
31497611,photo
31497621,photo
320412771,photo
320412821,photo
320412931,photo
320412941,photo
320413041,photo
323297091,photo
323298561,photo
323299991,photo
32543471,photo
32543541,photo
32543571,photo
32543611,photo
330265291,photo
330265651,photo
330265781,photo
33889401,photo
33889531,photo
33889541,photo
33889561,photo
33889571,photo
33889601,photo
33889621,photo
33889651,photo
33889811,photo
33889891,photo
33889901,photo
33889911,photo
33889921,photo
33889941,photo
33889971,photo
33890001,photo
33890051,photo
33890151,photo
33890161,photo
33890171,photo
33890201,photo
33890221,photo
33890231,photo
33890241,photo
33890281,photo
33890291,photo
33890361,photo
33890371,photo
33890381,photo
33890421,photo
33890451,photo
33890491,photo
33890601,photo
33890611,photo
33890671,photo
33890681,photo
33890741,photo
33890751,photo
33890761,photo
33890771,photo
33890781,photo
33890791,photo
33890801,photo
33890821,photo
33890841,photo
33890871,photo
33890891,photo
33890901,photo
33890911,photo
33891061,photo
33891071,photo
33891081,photo
33891121,photo
33891141,photo
33891161,photo
33891211,photo
33891311,photo
33891411,photo
33891501,photo
33891521,photo
33891731,photo
33891741,photo
33891751,photo
33891761,photo
33891771,photo
33891781,photo
33891841,photo
33891851,photo
33891861,photo
33891921,photo
33891931,photo
33892051,photo
33892071,photo
33892131,photo
33892231,photo
33892241,photo
33892271,photo
33892321,photo
33892361,photo
33892371,photo
33892381,photo
33892391,photo
339073581,photo
339073671,photo
339073751,photo
339073841,photo
339073851,photo
339073861,photo
339073881,photo
339073901,photo
339074041,photo
339074071,photo
339074141,photo
339074161,photo
339465171,photo
339465241,photo
339469061,photo
339625711,photo
339626051,photo
339626091,photo
340929901,photo
340929971,photo
340929991,photo
340930001,photo
340945621,photo
342757601,photo
342757681,photo
342759691,photo
342769361,photo
342770681,photo
343780191,photo
343780201,photo
343780211,photo
343780221,photo
343780231,photo
34383791,photo
34383801,photo
34383811,photo
34383831,photo
34383841,photo
34383851,photo
34383861,photo
34383881,photo
34383891,photo
34383901,photo
34383931,photo
34383951,photo
34383961,photo
34383981,photo
34384001,photo
34384011,photo
34384021,photo
34384031,photo
34384041,photo
34384051,photo
34384071,photo
34384081,photo
34384091,photo
34384101,photo
34384111,photo
34384121,photo
34384131,photo
34384141,photo
34384151,photo
34384161,photo
34384171,photo
34384181,photo
34384191,photo
34384221,photo
34384231,photo
34384241,photo
34384251,photo
34384311,photo
34384331,photo
34384371,photo
34384381,photo
34384391,photo
34384421,photo
34384431,photo
34384441,photo
34384461,photo
34384481,photo
34384491,photo
34384501,photo
34384511,photo
34384531,photo
34384541,photo
34432481,photo
34432541,photo
34432561,photo
34432571,photo
34432581,photo
34432591,photo
34432601,photo
34432611,photo
34432621,photo
34432631,photo
34432651,photo
34432661,photo
34432671,photo
34432681,photo
34432791,photo
34432801,photo
34432991,photo
34433001,photo
34433021,photo
34433031,photo
34433121,photo
34433131,photo
34433141,photo
34433231,photo
34433261,photo
34433271,photo
34433291,photo
34433381,photo
34433401,photo
34433421,photo
34434741,photo
34434771,photo
34434781,photo
34434791,photo
34434851,photo
34434861,photo
34434891,photo
34434921,photo
34435011,photo
34435021,photo
34435031,photo
34435041,photo
34440561,photo
34440601,photo
34506411,photo
34506421,photo
34506431,photo
34506441,photo
34506471,photo
34507111,photo
34507131,photo
34507161,photo
34507171,photo
34507181,photo
34507191,photo
34507201,photo
34507221,photo
34507231,photo
34507241,photo
34507251,photo
34507271,photo
34507291,photo
34507301,photo
34507311,photo
34507321,photo
34507331,photo
34507371,photo
34507381,photo
34507391,photo
34507401,photo
34507451,photo
34507461,photo
34507471,photo
34507591,photo
34507601,photo
34507611,photo
34507671,photo
34507711,photo
34507721,photo
34507771,photo
34507921,photo
34522181,photo
34522191,photo
34522201,photo
34522401,photo
34522531,photo
34522571,photo
34522601,photo
34522811,photo
34522861,photo
34522951,photo
34522991,photo
34523001,photo
34523261,photo
34523281,photo
34523291,photo
34523361,photo
34523541,photo
34523551,photo
34523561,photo
34523571,photo
34523581,photo
34523661,photo
34523671,photo
34523681,photo
34523781,photo
34523801,photo
34523871,photo
34523911,photo
34523961,photo
34524001,photo
34524111,photo
34665721,photo
34665731,photo
34665801,photo
34665811,photo
34665871,photo
34743261,photo
34743281,photo
34743321,photo
34743351,photo
34743401,photo
34743421,photo
34743511,photo
34743561,photo
34743621,photo
34743631,photo
34743651,photo
34743671,photo
34743731,photo
34743801,photo
34743861,photo
34743961,photo
34743991,photo
34744031,photo
34744251,photo
34744321,photo
34744331,photo
34748601,photo
34748611,photo
34748621,photo
34748631,photo
34748641,photo
34748781,photo
34748811,photo
34748841,photo
34748941,photo
34748961,photo
34748971,photo
34748981,photo
34749001,photo
34749011,photo
34749021,photo
34749031,photo
34749041,photo
34749081,photo
34749091,photo
34749101,photo
34749121,photo
34749131,photo
34749141,photo
34749151,photo
34749201,photo
34749231,photo
34749251,photo
34749311,photo
34749331,photo
34749341,photo
34749351,photo
34749391,photo
34749401,photo
34749421,photo
34749451,photo
34763061,photo
34764141,photo
34764611,photo
348688001,photo
348688041,photo
348696581,audio
348697101,photo
348706601,photo
348706621,photo
34929091,photo
34930871,photo
351592191,audio
351671761,audio
351672111,audio
351672811,audio
351674231,photo
351676661,photo
351677641,photo
351761651,audio
351793621,photo
351793661,photo
351793671,photo
351793681,photo
351794431,photo
351794791,photo
351795021,photo
351795171,photo
355317081,photo
355334991,photo
355335001,photo
355335011,photo
355335041,photo
360324211,photo
360324361,photo
360324391,photo
360336091,photo
360336161,photo
360336181,photo
360391651,photo
360391691,photo
360391721,photo
360392421,photo
360392801,photo
360394741,photo
360395641,photo
362883721,photo
362883731,photo
362884401,photo
365505161,photo
365505201,photo
365693851,photo
365693901,photo
365694281,photo
366597921,audio
366904251,photo
366904411,photo
370913801,photo
370913811,photo
370913821,photo
370913901,photo
370913951,photo
370914051,photo
373764391,photo
373768381,photo
373768401,photo
373768411,photo
375694501,audio
375694601,audio
375796821,audio
378038841,photo
378039851,photo
378039861,photo
380495071,audio
381156041,photo
381157001,photo
382008241,audio
382008991,photo
386158351,photo
386158361,photo
38938551,photo
38938591,photo
38938631,photo
38938641,photo
391463841,photo
391463921,photo
391463931,photo
39162161,photo
393257821,photo
393259391,audio
393298891,audio
395373841,photo
39600931,photo
39600941,photo
397285571,photo
397285841,photo
397285931,photo
397285961,photo
397286121,photo
397286711,photo
397461601,audio
39830271,photo
39830281,photo
39830311,photo
39830321,photo
39869791,photo
39869801,photo
399120821,photo
399125401,photo
399126531,photo
401588341,photo
401588511,photo
401588651,photo
401616071,photo
401616131,photo
401616231,photo
401616361,photo
401618131,photo
402654911,audio
404455501,photo
404455671,photo
404455861,photo
404456251,photo
407047451,photo
411666931,photo
416224651,audio
416234521,photo
416234531,photo
416234541,photo
416237911,photo
41652621,photo
41652641,photo
419045721,audio
419402471,photo
419403411,photo
42637401,photo
427066631,photo
427066711,photo
427883801,audio
429344771,audio
429346631,photo
429387241,photo
431283271,photo
431283311,photo
434980901,photo
434980911,photo
434980941,photo
434980961,photo
434980971,photo
434981011,photo
434981131,photo
434981141,photo
434981181,photo
434981221,photo
434981261,photo
434981271,photo
434981311,photo
434981321,photo
434981331,photo
434981361,photo
434981371,photo
434981411,photo
435155281,photo
435155891,photo
435156041,photo
435156181,photo
435156261,photo
435156271,photo
435156301,photo
435156561,photo
435156601,photo
435156611,photo
435156631,photo
435156771,photo
435156781,photo
435156831,photo
435156841,photo
435156961,photo
435157081,photo
435157131,photo
435157141,photo
435157951,photo
435157961,photo
435252811,photo
435252871,photo
435252881,photo
435252971,photo
435253031,photo
435253081,photo
435531621,audio
435566741,photo
435568101,photo
435569551,photo
435571411,photo
435657651,photo
435657901,photo
435658211,photo
435660381,photo
435662121,photo
436100911,audio
436162621,photo
436203321,audio
436206411,photo
436207251,photo
436361121,photo
436362131,photo
436805121,photo
436806431,photo
436940481,photo
437271541,photo
437272671,photo
437653441,photo
437653841,photo
437654381,photo
437664041,photo
437792601,audio
437828671,photo
437828701,photo
437828851,photo
437830931,photo
438266661,photo
438266741,photo
438266801,photo
438268161,photo
438269671,photo
438269731,photo
438270041,photo
438270131,photo
438496191,photo
439461251,audio
439462291,photo
439462321,photo
439462841,photo
439462931,photo
439463021,photo
439463111,photo
439463161,photo
439463381,photo
447501141,audio
44829211,photo
44829371,photo
44829691,photo
450793661,photo
450793781,photo
450793811,photo
450793861,photo
451496501,audio
45201371,photo
452600961,audio
452601141,audio
452601171,audio
453273301,photo
453275901,photo
453275921,photo
453275931,photo
454761811,photo
454772581,photo
454946081,photo
457378691,audio
462196791,photo
462196861,photo
462196871,photo
462196881,photo
462196921,photo
462196941,photo
462197001,photo
462345761,photo
46258841,photo
46258881,photo
464261751,photo
464261801,photo
464261871,photo
464261931,photo
464274091,photo
464277011,photo
464817851,audio
465027101,photo
465042321,photo
465042341,photo
465042351,photo
465042361,photo
465042371,photo
465042531,photo
465100651,audio
465101071,audio
465101381,audio
465526581,audio
465526651,audio
465526861,audio
465580561,audio
465588711,photo
465986721,photo
466012561,photo
466012581,photo
466012691,photo
466012741,photo
466012771,photo
466012781,photo
466012791,photo
466012921,photo
466029071,photo
466034751,photo
466034781,photo
466034941,photo
466034951,photo
466034961,photo
466034991,photo
466035011,photo
466641551,photo
466641661,photo
466642901,photo
466644321,photo
466644591,photo
466645061,photo
466645871,photo
466658731,photo
466658961,photo
466659191,photo
466667341,photo
466803871,photo
467242521,photo
467242531,photo
467243141,photo
467243501,photo
467443181,audio
467459001,photo
467459031,photo
467459161,photo
467459181,photo
467459241,photo
467459251,photo
467459261,photo
468549361,audio
468549411,audio
468711541,audio
468711561,audio
468711661,audio
468713461,photo
468714251,audio
468714461,photo
468720091,photo
468720331,photo
468720401,photo
468722011,photo
468722491,photo
468722831,photo
468757291,photo
468758771,photo
472797891,photo
473123901,audio
474141221,photo
474141271,photo
474141281,photo
474141291,photo
474141381,photo
474141411,photo
474141811,photo
474141861,photo
474141871,photo
474141931,photo
474142121,photo
478164351,audio
478164361,audio
478821561,audio
481897831,photo
481897841,photo
482739001,photo
482927781,photo
482929491,photo
482929501,photo
482968761,photo
483372981,photo
483373901,photo
483374381,photo
483375521,photo
483375771,photo
483375851,photo
484868951,audio
487486731,photo
487486751,photo
487486761,photo
487486861,photo
494732711,photo
494744301,photo
494745721,photo
494746091,audio
494747081,photo
494748001,photo
494749821,photo
49632651,photo
49632661,photo
49632681,photo
49633161,photo
497534221,photo
497534231,photo
497534711,photo
497718721,photo
497719031,photo
497719041,photo
497719641,photo
497720131,photo
497720521,photo
497721651,photo
497736851,photo
497738601,photo
498018661,audio
505587101,photo
505587191,photo
505588871,photo
505590221,photo
505591321,photo
505591941,photo
510955421,photo
512184031,photo
512184771,photo
51318941,photo
51318951,photo
51319071,photo
51319081,photo
51319091,photo
51319101,photo
51319291,photo
51319301,photo
51319321,photo
51319341,photo
51319351,photo
51319371,photo
51319411,photo
51319431,photo
51319441,photo
51319451,photo
51319461,photo
51319471,photo
51319481,photo
51319531,photo
51319591,photo
51319631,photo
51319671,photo
51319681,photo
51319731,photo
51319741,photo
51319751,photo
51319761,photo
51319991,photo
51320001,photo
51320011,photo
51320021,photo
51320041,photo
51320051,photo
51320061,photo
51320081,photo
51320091,photo
51320101,photo
51320111,photo
51320121,photo
51320131,photo
51320141,photo
51320151,photo
51362901,photo
51362911,photo
51362991,photo
51363021,photo
51363031,photo
51363071,photo
51363091,photo
51363101,photo
51363121,photo
51363131,photo
51363181,photo
51363211,photo
51363271,photo
51363281,photo
51363291,photo
51363351,photo
51363371,photo
51363431,photo
51363461,photo
51363471,photo
51363521,photo
51363591,photo
51363671,photo
51363691,photo
51363701,photo
51363721,photo
51363741,photo
51363841,photo
51363941,photo
51364021,photo
51364051,photo
51364161,photo
51364171,photo
51364231,photo
51364251,photo
515234371,photo
515235051,photo
515235431,photo
515246841,photo
515251211,photo
515264401,photo
515590571,photo
515591081,photo
517107171,audio
517229051,photo
517229331,photo
517231081,photo
517232761,photo
517234131,photo
517235221,photo
518300451,photo
519617561,photo
520047841,photo
520261551,photo
520948621,photo
527136331,photo
527136341,photo
529944431,audio
531551011,photo
531551061,photo
531551121,photo
531551171,photo
537231121,photo
537231191,photo
537686371,audio
537687041,audio
537690151,photo
537693361,photo
537698901,photo
537715261,photo
537716681,photo
537717891,photo
537733711,photo
538019431,audio
538020251,photo
538020951,photo
538021751,photo
538022651,photo
538023731,photo
538111101,photo
538112621,photo
538113341,photo
538114091,photo
538117171,photo
538146051,photo
538146441,photo
538147571,photo
538148401,photo
538149181,photo
538160021,photo
538162681,photo
538163421,photo
538163911,photo
538169391,photo
538305951,photo
538314401,audio
538813031,photo
538813821,photo
538814871,photo
538851671,photo
538851741,photo
538851891,photo
538854031,photo
538854171,photo
538854651,photo
538919931,photo
538920161,photo
539140241,photo
539140871,photo
539511961,photo
539519631,audio
539545521,photo
539675581,photo
539676251,photo
539933971,audio
540020591,photo
540020891,photo
540021371,photo
540021701,photo
540022371,photo
540369241,photo
540370271,photo
540371351,photo
540371901,photo
540372331,photo
540372671,photo
540373141,photo
540576271,photo
541167681,photo
541203631,photo
547556701,audio
547556711,audio
548946461,audio
550411711,photo
550689471,photo
550899741,photo
550900491,photo
550901511,photo
550903291,photo
550903731,photo
551008011,audio
551023951,photo
551280611,photo
551280661,photo
551336691,photo
551336761,photo
551338171,photo
551427041,photo
551443791,photo
551447311,photo
551448481,photo
551449281,audio
551450581,photo
551478311,photo
551490861,photo
551501681,photo
551506771,photo
551526271,photo
551527391,photo
551528931,photo
551529561,photo
551536761,photo
551541441,photo
551969771,photo
551969851,photo
551970071,photo
551970121,photo
551970241,photo
551970281,photo
551970421,photo
551970461,photo
551970501,photo
551970561,photo
551970621,photo
551970661,photo
552053911,photo
552054011,photo
552054131,photo
552054221,photo
552054281,photo
552054431,photo
552514411,audio
56074131,photo
56074361,photo
56174671,photo
56174701,photo
56174811,photo
56174821,photo
56174881,photo
56174911,photo
56174921,photo
56260801,photo
56260811,photo
56260821,photo
56260841,photo
56260921,photo
56261431,photo
56261461,photo
56261491,photo
56261511,photo
562835501,audio
56288721,photo
56288751,photo
56288821,photo
56288861,photo
56291681,photo
56291701,photo
56292301,photo
56292351,photo
56292361,photo
571291361,photo
575025281,photo
575025591,photo
575026051,photo
575026061,photo
575026651,photo
575026821,photo
576031631,audio
576031641,audio
58123211,photo
58123221,photo
58123251,photo
583692461,photo
583692471,photo
586881761,photo
586902591,photo
586965331,photo
586965341,photo
586965361,photo
586965471,photo
586966181,photo
586966831,photo
586967991,photo
586982281,audio
586982411,audio
587059801,photo
587610871,photo
587610991,photo
58816691,photo
58816701,photo
58816711,photo
58816731,photo
58816751,photo
592886881,photo
592886891,photo
592886921,photo
592887071,photo
592887181,photo
596417611,photo
596419131,photo
596419841,photo
596420341,photo
596423541,photo
596428981,photo
596429671,photo
596430031,photo
596565471,photo
596574901,photo
596575231,photo
597053391,photo
597054591,photo
597057151,photo
597242251,photo
597242761,photo
597243021,photo
597243671,photo
597244251,photo
597244531,photo
597250161,photo
597527811,photo
597527821,photo
597527841,photo
597615231,photo
597788411,photo
598036731,photo
598036741,photo
598052811,photo
598053051,photo
598053341,photo
598053721,photo
598055341,photo
598284931,photo
598288891,photo
598290261,photo
598309601,photo
598309891,photo
598310281,photo
598310941,photo
598318091,audio
599609771,photo
599609791,photo
599609831,photo
599609851,photo
599609871,photo
599609881,photo
599609891,photo
599609911,photo
599609921,photo
599610011,photo
599610061,photo
599618111,photo
59973861,photo
59973871,photo
59973881,photo
59973941,photo
599885991,photo
599886571,photo
599887001,photo
599900381,photo
599900791,photo
599901291,photo
599901311,photo
599901351,photo
599974461,photo
599974471,photo
599974481,photo
599974491,photo
599974501,photo
599974511,photo
599974521,photo
599974551,photo
600161571,photo
600161581,photo
600161591,photo
600161601,photo
600759791,photo
600761231,photo
600761791,photo
600761931,photo
600762191,photo
600762431,photo
601235391,photo
601236091,photo
601236471,photo
601237031,photo
601391321,photo
601391361,photo
601391601,photo
601391621,photo
60549681,photo
60549691,photo
608220561,audio
608610563,photo
608611934,photo
608612452,photo
608613724,photo
608613840,photo
608613894,photo
608613944,photo
608632598,photo
608632600,photo
608632601,photo
608632604,photo
608632605,photo
608632607,photo
608632608,photo
608679995,photo
608680004,photo
608680008,photo
608680013,photo
608680063,photo
608680075,photo
608680080,photo
608680084,photo
608680094,photo
608680103,photo
608680143,photo
608680146,photo
608684974,photo
608685038,photo
609974341,photo
610524929,photo
610525365,photo
610526713,photo
610526725,photo
610526726,photo
610526840,photo
610531031,photo
610531035,photo
610531069,photo
610531077,photo
611553435,photo
611572263,photo
611580314,photo
611580320,photo
611580330,photo
611835615,photo
612711369,photo
612798145,photo
612802742,photo
612981793,photo
612981812,photo
612981828,photo
612981831,photo
613004141,photo
613004175,photo
613004192,photo
613004255,photo
613004256,photo
613004260,photo
613183984,photo
613185009,photo
613213426,photo
613213557,photo
613238189,photo
613238599,photo
61370101,photo
61372621,photo
61372631,photo
61372641,photo
61372651,photo
614111184,photo
614111185,photo
614111186,photo
615321049,photo
615321050,photo
615330819,photo
615331016,photo
615370840,photo
615370848,photo
615370849,photo
615414918,photo
615414981,photo
615415126,photo
615415212,photo
615415289,photo
615415406,photo
615415487,photo
615415584,photo
615426310,photo
615426574,photo
615426575,photo
615426784,photo
615426785,photo
615426800,photo
615445393,photo
615445630,photo
615445633,photo
615445861,photo
615446223,photo
615447371,photo
615447415,photo
615447546,photo
615450232,photo
615450495,photo
615450958,photo
615521918,photo
615521923,photo
615521931,photo
615522029,photo
615522048,photo
615558572,photo
615558581,photo
615558677,photo
615560826,photo
615560829,photo
615560845,photo
615578090,photo
615578145,photo
615578507,photo
615594217,photo
615594220,photo
615594436,photo
615594783,photo
615595002,photo
615595016,photo
615595138,photo
615597119,photo
615597126,photo
615607784,photo
615612408,photo
615612416,photo
615612417,photo
615612444,photo
615613552,photo
615650896,photo
615790956,photo
615790957,photo
615790958,photo
616038955,audio
616782045,photo
61824331,photo
618922139,photo
618922159,photo
618922174,photo
618922175,photo
619144206,photo
619144348,photo
619291996,audio
619297276,photo
619303494,photo
619303612,photo
619303744,photo
619303910,photo
619307306,photo
619391197,audio
619391215,audio
619640893,photo
619641316,photo
619641343,photo
619729115,photo
619729499,photo
62069861,photo
62069871,photo
62069881,photo
62069901,photo
620935893,photo
620935895,photo
620935935,audio
620936184,photo
620936271,photo
620936330,photo
620936427,photo
620936453,photo
620936530,photo
620948213,photo
620948214,photo
620948238,photo
620948244,photo
620948255,photo
620962742,photo
620966759,photo
620966819,photo
620966894,photo
620967277,photo
620967354,photo
620967419,photo
620970310,photo
621062273,audio
621207441,audio
621374843,photo
621374884,photo
621374920,photo
621396405,photo
621396499,photo
621396500,photo
621396529,photo
621396724,photo
621398885,photo
621398927,photo
621569008,audio
621569083,photo
621569105,photo
621569131,photo
621569735,photo
621569756,photo
621570147,photo
621641064,photo
621647161,photo
621647408,photo
621647409,photo
621673415,photo
621673422,photo
621675350,photo
621675473,photo
621676560,photo
621676714,photo
621679535,photo
621679614,photo
621680308,photo
621680450,photo
621680506,photo
621703277,photo
621703311,photo
621703359,photo
621704073,photo
621739786,photo
621739790,photo
621739798,photo
621739926,photo
621754364,photo
621754497,photo
621754696,photo
621755346,photo
621755388,photo
621755434,photo
621759519,photo
621786548,audio
621818391,audio
621818506,photo
621819927,photo
621835123,photo
621835143,audio
621835200,photo
621837748,photo
621907839,photo
621907859,photo
621907864,photo
621907867,photo
621907872,photo
621907875,photo
621907884,photo
621908070,photo
621908371,photo
621908472,photo
621914936,photo
622046260,photo
622046605,photo
622062705,photo
622062802,photo
622076809,photo
622076834,photo
622076838,photo
622076846,photo
622076847,photo
622076849,photo
622133358,photo
622133429,photo
622133537,photo
622158973,audio
622196233,audio
622236794,audio
622237312,photo
622239692,photo
622239806,photo
622401982,photo
622613426,photo
622613445,photo
622613704,photo
622700281,photo
622741767,photo
622742129,photo
62305101,photo
624479083,photo
624479084,photo
624479092,photo
624479226,photo
624479314,photo
624479463,photo
624479526,photo
624479615,photo
624479683,photo
624499115,audio
625020442,photo
625020580,photo
625363065,photo
625363066,photo
62726591,photo
62726601,photo
62726611,photo
627923895,photo
627924229,photo
627924409,photo
627963894,photo
627963896,photo
627963902,photo
627963950,photo
627969727,photo
627969728,photo
628099974,photo
628099976,photo
628099992,photo
628686776,photo
628686789,photo
628686812,photo
628686813,photo
629034237,audio
629547904,photo
629727362,photo
629727363,photo
629727390,photo
629727391,photo
629727392,photo
629727395,photo
630075676,photo
630075677,photo
630075692,photo
630075697,photo
63145451,photo
63145471,photo
63597001,photo
63597011,photo
63597021,photo
63624511,photo
63624561,photo
63624591,photo
63837021,photo
63909581,photo
63909591,photo
64638541,photo
64638551,photo
65478141,photo
65482241,photo
65560211,photo
65560411,photo
65560431,photo
65560631,photo
65560681,photo
65560711,photo
65560761,photo
65560791,photo
65560811,photo
65721011,photo
65721131,photo
66386401,photo
66386661,photo
66386971,photo
66387041,photo
66387081,photo
66387101,photo
66387111,photo
66388331,photo
71427171,photo
71427181,photo
71488381,photo
71488401,photo
71488601,photo
72128931,photo
72128981,photo
72129111,photo
73504041,photo
73504051,photo
73507041,photo
73507771,photo
73508461,photo
73572881,photo
73572921,photo
73572931,photo
73602991,photo
73603011,photo
73603141,photo
73603151,photo
73603161,photo
73603171,photo
73634241,photo
73634291,photo
73634301,photo
73634471,photo
73634531,photo
73634541,photo
74432791,photo
74432911,photo
74432921,photo
74432941,photo
74432951,photo
74432971,photo
74433041,photo
74433051,photo
74433071,photo
74433091,photo
74433141,photo
74433161,photo
74433171,photo
74433221,photo
74433251,photo
74433301,photo
74433541,photo
74433551,photo
74433561,photo
74433581,photo
74433601,photo
74433661,photo
74433671,photo
74433691,photo
74433721,photo
74433751,photo
74433781,photo
74433811,photo
74433821,photo
74433851,photo
74433891,photo
74433901,photo
74433911,photo
74433921,photo
74433941,photo
74433961,photo
74435531,photo
74435551,photo
74435571,photo
74435581,photo
74435591,photo
74435611,photo
74435631,photo
74435671,photo
74435681,photo
74435691,photo
74435701,photo
74435711,photo
74435751,photo
74435761,photo
74435771,photo
74435781,photo
74435791,photo
74438801,photo
74443071,photo
74531051,photo
74729891,photo
74828581,photo
74828611,photo
74828651,photo
74828801,photo
74828811,photo
74828821,photo
74828831,photo
74828881,photo
74828891,photo
74828901,photo
74828911,photo
74828921,photo
74828951,photo
74828981,photo
74828991,photo
74829011,photo
74829021,photo
74829051,photo
74829071,photo
74829101,photo
74829111,photo
74829121,photo
74829131,photo
74829141,photo
74829161,photo
74829181,photo
74829191,photo
74829241,photo
74829251,photo
74829261,photo
74829271,photo
74829291,photo
74829311,photo
74829331,photo
74829341,photo
74829351,photo
74829361,photo
74829371,photo
74829381,photo
74829391,photo
76413651,photo
77193441,photo
79537181,photo
84808911,photo
84808921,photo
84808931,photo
84808941,photo
84808981,photo
84813461,photo
84813471,photo
84813481,photo
84813521,photo
84814461,photo
84814491,photo
87498741,photo
87498771,photo
89351031,photo
92252081,photo
92252111,photo
92252141,photo
92252161,photo
92252251,photo
92252261,photo
92268691,photo
96941071,photo
96941081,photo
96941181,photo
98622131,photo
98622601,photo
98625641,photo
98625731,photo
99273411,photo
99277371,photo
99277381,photo
99277521,photo
99277531,photo
99277551,photo
99277891,photo
