ml_number,status
100328301,best
100328321,reject
100328351,include
100328391,include
100545101,include
100545111,include
100545221,include
101876171,include
101876181,include
101876191,include
101876201,include
101876211,include
101876221,include
101934041,include
101934051,include
101934101,include
102139731,include
102140001,include
102361011,include
102361031,include
102361041,include
102361051,include
102361181,include
102708471,include
102747771,include
102747871,include
102747991,include
102748001,include
102748201,include
102748311,include
102748501,include
102748531,include
102748601,include
102748671,include
102748681,include
102748881,include
102748971,include
102749031,include
102749061,include
105332511,include
105332561,include
105332591,include
105332691,include
105332801,include
105391201,include
105439831,include
105439941,include
105440161,include
107355021,include
107355061,include
107355151,include
107355481,include
107355661,include
107355721,include
107355801,include
107356251,include
107408191,include
107408201,include
107408211,include
107408531,include
107408541,include
107408561,include
107408571,include
107408591,include
107412441,include
107521431,include
107521511,include
107521541,include
107521561,include
108149241,include
108149261,include
108435231,include
108435311,include
108435421,include
108805251,include
108805261,include
108806201,include
109480911,include
109481121,include
109534951,include
109535091,include
109535331,include
109562181,include
109562291,include
109562361,include
109562371,include
109562411,include
109562591,include
109562661,include
109562671,include
109562681,include
109565441,include
109565491,include
109565591,include
109565691,include
109937311,include
109937481,include
109947871,include
110707461,include
110707481,include
110707501,include
110707521,include
111085521,include
111092651,include
115214161,include
115214181,include
115214191,include
115214201,include
118099411,include
118099621,include
118099661,include
118099681,include
118099711,include
118099751,include
118100011,include
118154761,include
118154851,include
118154891,include
118154901,include
118281751,include
118281781,include
118281791,include
118281801,include
118281811,include
118281821,include
118281831,include
118281861,include
118281891,include
118283291,include
118283301,include
118287331,include
118288191,include
120178771,include
121202121,include
121242111,include
121247351,include
121247361,include
121247371,include
121250351,include
121250391,include
122487111,include
122487171,include
122487281,include
122487291,include
122487311,include
123079471,include
123079771,include
123083781,include
123083921,include
123083951,include
123084041,include
123084051,include
123170151,include
124110541,include
124110561,include
124110571,include
124110581,include
124110621,include
124110701,include
124110781,include
124110821,include
124110861,include
125277061,include
125277191,include
125277271,include
130728611,include
130728621,include
130728731,include
130736371,include
131445411,include
131445471,include
132014381,include
132014461,include
132014471,include
132014481,include
132401021,include
134897681,include
134897711,include
134897721,include
134897771,include
134898491,include
137499231,include
137499281,include
137499321,include
137499341,include
137499441,include
139818801,include
139818831,include
142423351,include
142423361,include
143853701,include
143853711,include
143856401,include
143856441,include
143856451,include
143856501,include
143856531,include
143856541,include
143856551,include
143856561,include
143856571,include
143856581,include
143857411,include
143863941,include
143863951,include
143863961,include
143863981,include
143863991,include
143864001,include
143864021,include
143864051,include
143864061,include
143864101,include
143864111,include
143864141,include
143864151,include
143864161,include
143869191,include
143869201,include
143869221,include
143869231,include
143869291,include
143869301,include
143869321,include
143869341,include
143869351,include
143869391,include
143869401,include
147505061,include
147505321,include
147505581,include
147505651,include
149863141,include
149863221,include
150152861,include
150152881,include
150152891,include
150152901,include
150152911,include
150152921,include
150152941,include
150152991,include
150153101,include
150153111,include
150153121,include
150408741,include
150593741,include
150593931,include
150594531,include
150594721,include
150594951,include
150711451,include
150711461,include
150711661,include
150711671,include
150711811,include
150711821,include
150711831,include
150711841,include
150711851,include
150711951,include
150712091,include
150712111,include
150727911,include
152918561,include
152918571,include
152918581,include
154306491,include
154306501,include
154306511,include
154306621,include
154306641,include
154306651,include
154541451,include
154542481,include
154542541,include
154542791,include
154544361,include
154544551,include
154544861,include
154548831,include
154550541,include
154551061,include
154551281,include
155021771,include
155021831,include
155021931,include
155022001,include
155111851,include
155111871,include
158492341,include
158492361,include
158492421,include
159601681,include
159601701,include
159601781,include
159601831,include
159601951,include
159602241,include
161683941,include
161684021,include
161684271,include
161684411,include
161684421,include
161684461,include
161918011,include
161918021,include
161918071,include
161918121,include
164012681,include
164012701,include
164012711,include
164012721,include
164654621,include
164654631,include
165540001,include
165540081,include
165540091,include
165540111,include
165815091,include
165815141,include
165815201,include
165815221,include
165815231,include
165815241,include
165815251,include
165815261,include
166075251,include
166075431,include
166075521,include
166075621,include
166075661,include
166075671,include
166075751,include
166075761,include
166075771,include
166166451,include
166166511,include
166166521,include
166166551,include
166166571,include
166166611,include
166168491,include
166175481,include
166456181,include
166519721,include
166590121,include
166590211,include
166590241,include
166719431,include
166854131,include
166854151,include
166933871,include
166933941,include
166933951,include
166933961,include
166933971,include
166933991,include
166971131,include
167070831,include
167070841,include
167070851,include
167070991,include
167225001,include
167225011,include
167225021,include
167225041,include
167225291,include
167225381,include
167225431,include
167515971,include
167516001,include
167516021,include
167516031,include
167567061,include
167567101,include
167567931,include
167567991,include
167568171,include
167568181,include
167568551,include
167569051,include
167569341,include
167569431,include
168185071,include
168565741,include
169216091,include
169216101,include
169216111,include
169216191,include
169216291,include
170290661,include
170290691,include
170290721,include
177398261,include
177398321,include
177398331,include
177398371,include
177398451,include
177398581,include
177398621,include
177398671,include
177398681,include
177398691,include
177501471,include
177501481,include
179924811,include
179924861,include
180386291,include
180386321,include
180386431,include
180786541,include
181504671,include
184801711,include
184801751,include
184880661,include
184880691,include
184880701,include
184880791,include
184880811,include
184880831,include
184880841,include
184880871,include
185425821,include
185706861,include
185706921,include
185771231,include
185771241,include
185774531,include
187153351,include
187153371,include
187153381,include
187153411,include
187153421,include
187527441,include
187527681,include
187528201,include
188418921,include
188419041,include
188419111,include
188419151,include
188419161,include
188419231,include
188419271,include
188503691,include
188503701,include
188503721,include
188503771,include
188503781,include
188503791,include
188503801,include
189693561,include
190320821,include
190364161,include
191945481,include
194210591,include
194210621,include
196782891,include
196782901,include
203091371,include
20473761,include
20474041,include
20474601,include
20474801,include
20475001,include
20475041,include
20475051,include
20475061,include
20478481,include
20478491,include
20478521,include
20478781,include
20478801,include
20478821,include
20478851,include
20478881,include
20478901,include
20498181,include
20498191,include
20505321,include
20505331,include
20505341,include
207328861,include
207329051,include
207329161,include
207329391,include
207329401,include
207329411,include
209705851,include
209876581,include
209876631,include
209876641,include
209876671,include
209876711,include
209876781,include
21082521,include
21082531,include
21082541,include
21082551,include
21082561,include
21082591,include
21082601,include
21082611,include
21082621,include
21082631,include
21082641,include
21082651,include
21082661,include
21082671,include
21082681,best
21082691,include
21082701,include
21082711,include
21082721,include
21082731,include
21082741,include
21082751,include
21082761,include
21082771,include
21082781,include
21082831,include
21082841,include
21082851,include
21082861,include
21082871,include
21082881,include
21082891,include
21082901,include
21082911,include
21083301,include
21083311,include
21083321,include
21083331,include
21083361,include
21083371,include
21083381,include
21083391,include
21083401,include
21098951,include
21099071,include
21099081,include
21099091,include
21099101,include
21099121,include
21099171,include
21099191,include
21099211,include
21099231,include
21099261,include
21099331,include
21099381,include
21099451,include
21099511,include
21099521,include
21099531,include
21099541,include
21099561,include
21099601,include
21099631,include
21099651,include
21099671,include
21099711,include
21099721,include
21099741,include
21099751,include
21099761,include
21099771,include
21099781,include
21099811,include
21099821,include
21099831,include
21099841,include
21099921,include
21099931,include
21099941,include
21099971,include
21099981,include
21099991,include
21100091,include
21100131,include
21100151,include
21100191,include
21100201,include
21100241,include
21100291,include
21100301,include
21100311,include
21100331,include
21100351,include
21100401,include
21100421,include
21100431,include
21100451,include
21100471,include
21100481,include
21100501,include
21100561,include
21100571,include
21100581,include
21100671,include
21100701,include
21100721,include
21100731,include
21100761,include
21100851,include
21100871,include
21100941,include
21100951,include
21100961,include
21100971,include
21101001,include
21101011,include
21101021,include
21101031,include
21101041,include
21101081,include
21101091,include
21101101,include
21101111,include
21101121,include
21101141,include
21101151,include
21101161,include
21101171,include
21101191,include
21101231,include
21101241,include
21101281,include
21101291,include
21101301,include
21101311,include
21101331,include
21101351,include
21101371,include
21101391,include
21101401,include
21101411,include
21101421,include
21101431,include
21101441,include
21101451,include
21101611,include
21101621,include
21101631,include
21101641,include
21101651,include
21101661,include
21101711,include
21101721,include
21101771,include
21101791,include
21101801,include
21101811,include
21101821,include
21101881,include
21101941,include
21101951,include
21101981,include
21102001,include
21102021,include
21102041,include
21102051,include
21102061,best
21102071,include
21102081,include
21102091,include
21102111,include
21102121,include
21102141,include
21102171,include
21102181,include
21111581,include
21111591,include
21111601,include
21111611,include
21111631,include
21111641,include
21111651,include
21111661,include
21111671,include
21111681,include
21111691,include
21111701,include
21111711,include
21111721,include
21111751,include
21111761,include
21111781,include
21111791,include
21111801,include
21111811,include
21111821,include
21111831,include
21111841,include
21111851,include
21111861,include
21111871,include
21111881,include
21111891,include
21111901,include
21111911,include
21111921,include
21111931,include
21111941,include
21111961,include
21111971,include
21111981,include
21111991,include
21112001,include
21112011,include
21112021,include
21112031,include
21112051,include
21112061,include
21112081,include
21112091,include
21112111,include
21112121,include
21112131,include
21112141,include
21112171,include
21112181,include
21112191,include
21112201,include
21112211,include
21112221,include
21112231,include
21112241,include
21112251,include
21112271,include
21112281,include
21112291,include
21112311,include
21112321,include
21112331,include
21112351,include
21112361,include
21112381,include
21112391,include
21112401,include
21112411,include
21112421,include
21112431,include
21112441,include
21112451,include
21112461,include
21112471,include
21112481,include
21112491,include
21112501,include
21112511,include
21112531,include
21112541,include
21112551,include
21112561,include
21112581,include
21112591,include
21112611,include
21112621,include
21112631,include
21112641,include
21112651,include
21112661,include
21112671,include
21112681,include
21112691,include
21112701,include
21112841,include
21112851,include
21112861,include
21117911,include
21117921,include
21117941,include
21117951,include
212761811,include
212761821,include
212761831,include
212761841,include
212761851,include
212761871,include
213069201,include
213069221,include
213069251,include
213069281,include
213069341,include
213069361,include
213069391,include
213069471,include
213069481,include
213069501,include
213069531,include
213069561,include
213069591,include
213069701,include
213069711,include
213076431,include
213076461,include
213076481,include
213076491,include
213076541,include
213076551,include
213076561,include
213076591,include
213076601,include
213083011,include
213083201,include
213084301,include
213362331,include
213362351,include
213362361,include
213362381,include
213362441,include
213362461,include
213362481,include
213363201,include
213363601,include
213363991,include
213364031,include
213364601,include
213364641,include
213365241,include
213365531,include
213366941,include
213366981,include
213627371,include
213627411,include
213627431,include
213627471,include
213627481,include
213627491,include
213653381,include
213653461,include
213653481,include
213653491,include
213653501,include
213653521,include
213653591,include
213653641,include
213653731,include
213653771,include
213654021,include
213654031,include
213697951,include
213697961,include
213697981,include
213698061,include
213698071,include
213698081,include
213698131,include
213698151,include
213698161,include
213866051,include
213866061,include
213867441,include
213867451,include
213867461,include
214039991,include
214040131,include
214040141,include
214040161,include
214040601,include
214040711,include
214046071,include
214107811,include
214297901,include
214297941,include
214297971,include
214297981,include
214297991,include
214298001,include
214298031,include
214298241,include
214298301,include
214552701,include
214552721,include
214757311,best
214757321,include
214757331,include
214757341,include
214757701,include
214757781,include
214757811,include
214757821,include
214757851,include
214840281,include
214840311,include
214840321,include
214840341,include
214840351,include
221214871,include
221215171,include
221215261,include
222904151,include
222904191,include
222904231,include
22361261,include
22361381,include
22361391,best
22361431,include
22361441,include
22361451,include
22361471,include
22361481,include
22361541,include
22361551,include
22361561,include
22361571,include
22361581,include
22361591,include
22361601,include
22361611,include
22361621,include
22361631,include
22361711,include
22361721,include
22361731,include
22361761,include
22361951,include
22361991,include
22362141,include
22362151,include
22362171,include
22362181,include
22362191,include
22362201,include
22362211,include
22362251,include
22362271,include
22362321,include
22362331,include
22362341,include
22362351,include
22362371,include
22362381,include
22362391,include
22362451,include
22362481,include
22362491,include
22362501,include
22362511,include
22362521,include
22362531,include
22362541,include
22362571,include
22362591,include
22362601,include
22362611,include
22363901,include
22363921,include
22363941,include
22363961,include
22366471,include
22366481,include
22366491,include
22366501,include
22366541,include
22366571,include
22366591,include
22366641,include
22366651,include
22366661,include
22366711,include
22366761,include
22366771,include
22366781,include
22366841,include
22366881,include
22366891,include
22366911,include
22366931,include
22366941,include
22366971,include
22366981,include
22366991,include
22367011,include
22367031,include
22367051,include
22367061,include
22367071,include
22367091,include
22367101,include
22367111,include
22367141,include
22367151,include
22367161,include
22367261,include
22367271,include
22367391,include
22367401,include
22367411,include
22367421,include
22367431,include
22367551,include
22367581,include
22367631,include
22368211,include
22368281,include
22368291,include
22368301,include
22368321,include
22368341,include
22368351,include
22368411,include
22368451,include
22368461,include
22368471,include
22368481,include
22368491,include
22368521,include
22368531,include
22368541,include
22368601,include
22368611,include
22368621,include
22368641,include
22368651,include
22368661,include
22368681,include
22368731,include
22368761,include
22368771,include
22368781,include
22368811,include
22368821,include
22368831,include
22368921,include
22368961,include
22369011,include
22369021,include
22369031,include
22369041,include
22369081,include
22369091,include
22369101,include
22369131,include
22369161,include
22369231,include
22369281,include
22369291,include
22369301,include
22369311,include
22369391,include
22369401,include
22369461,include
22369471,include
22369491,include
22369521,include
22369561,include
22369611,include
22369621,include
22369681,include
22369691,include
22369721,include
22369731,include
22369741,include
22369811,include
22369831,include
22369841,include
22369851,include
22369881,include
22369911,include
22369981,include
22370001,include
22370041,include
22370051,include
22370061,include
22370071,include
22370181,include
22370291,include
22370381,include
22370471,include
22374771,include
22374781,include
22374791,include
22374891,include
22374931,include
22374951,include
22375001,include
22375011,include
22375021,include
22375071,include
22375081,include
22375091,include
22375111,include
22375121,include
22375131,include
22375261,include
22375361,include
22375381,include
22375401,include
22375411,include
22375421,include
22375451,include
22375461,include
22376161,include
22376201,include
22376211,include
22376221,include
22376231,include
22376241,include
22376261,include
22376291,include
22376301,include
22376321,include
22376331,include
22376351,include
22376361,best
22376371,include
22376381,include
22376391,include
22376431,include
22376451,include
22376471,include
22376491,include
22376501,include
22376721,include
22376741,include
22376751,best
22376781,include
22376851,include
22376921,include
22376931,include
22376951,include
22377021,include
22377031,include
22377061,include
22377071,include
22377081,include
22377121,include
22377151,include
22389371,include
22389381,include
22389391,include
22389401,include
22389411,include
22389421,include
22389821,include
22389841,include
22390971,include
22390991,include
22391011,include
22391041,include
22391331,include
22391341,include
22391361,include
22391371,best
22391391,include
22392431,include
22392441,include
22392451,include
22392481,include
22392501,include
22392511,include
22392541,include
22392561,include
22392581,include
22392591,include
22393771,include
22393781,include
22393791,include
22393801,include
22393841,include
22393861,include
22393871,include
22393901,include
22393921,include
22393951,include
22393961,include
22393971,include
22393991,include
22394001,include
22394011,include
22394021,include
22394041,include
22394051,include
22394081,include
22394091,include
22394101,include
22394111,include
22394151,include
22394171,best
22394191,include
22394211,include
22394221,include
22394231,include
22394251,include
22394261,include
22394281,include
22394291,include
22394351,include
22394361,include
22394431,include
22394441,include
22394451,include
22394461,include
22394471,include
22394701,include
22394721,include
22394731,include
22394741,include
22395061,include
22395071,include
22395111,include
22395121,include
22395131,include
22395141,include
22395151,include
22395171,include
22396201,include
22396211,include
22396461,include
22396481,include
22396501,include
22396601,include
22396611,include
22396621,include
22396631,include
22396651,best
22396661,include
22396671,include
22396701,include
22396711,include
22396731,include
22396761,include
22396771,include
22396781,include
22396791,include
22396801,include
22396821,include
22396831,include
22396841,include
22396851,include
22396861,include
22396871,include
22396881,include
22396891,include
22396901,include
22396941,include
22396951,best
22396961,best
22396971,include
22396981,include
22397001,include
22397011,include
22397021,include
22397031,include
22397041,include
22397051,include
22397301,include
22397311,include
22397351,include
22397361,include
22397371,include
22397381,include
22397391,include
22397401,include
22399331,include
22399371,include
22399421,include
22399461,include
22399471,include
22399481,include
22399491,include
22399501,include
22399531,include
22399551,include
22399561,include
22399571,include
22399581,include
22399591,include
22399611,include
22399621,include
22399651,include
22401381,include
22401401,include
22401421,include
22401431,include
22401531,include
22401551,include
22401581,include
22401591,include
22401601,include
22401611,include
22404771,include
22404851,include
22404861,include
22404881,include
22404901,include
22404941,include
22404951,include
22405061,include
22405101,include
22405111,include
22405121,include
22407211,include
22407221,include
22407231,include
22407241,include
22407271,include
22407281,include
22407291,include
22407311,include
22407341,include
22407351,include
22407391,include
22407401,include
22407411,include
22407451,include
22407481,include
22407491,include
22407501,include
22407511,include
22408181,include
22408211,include
22408221,include
22408231,include
22408241,include
22408261,include
22408361,best
22408381,include
22408401,include
22408501,include
22408511,include
22408521,include
22408531,include
22408571,include
22408611,include
22408621,include
22408641,include
22408671,include
22408691,include
22408701,include
22408711,include
22408981,include
22408991,include
22409161,include
22409171,include
22409221,include
22409251,include
22409301,include
22409341,include
22409351,include
22409461,include
22409511,include
22409551,include
22409561,include
22409571,include
22409621,include
22409631,include
22409641,include
22409661,include
22409681,include
22409731,include
22409751,include
22409801,include
22412251,include
22412271,include
22412281,include
22412301,include
22412321,include
22412331,include
22412361,include
22412371,include
22412381,best
22414471,include
22414501,include
22414541,include
22414581,include
22414601,include
22414661,include
22414721,include
22414731,include
22414981,include
22415011,include
22415021,include
22415151,include
22415161,include
22415171,include
22415201,include
22415211,include
22415241,include
22415291,include
22415401,include
22415411,include
22415421,include
22415471,include
22415501,include
22415541,include
22415611,include
22415661,include
22415671,include
22415681,include
22415731,include
22415751,include
22415771,include
22415781,include
22415791,include
22415851,include
22416131,include
22416151,include
22416171,include
22416211,include
22416221,include
22416231,include
22416261,include
22416341,include
22416491,include
22416501,include
22416551,include
22416561,include
22416601,include
22416691,include
22416751,include
22416781,include
22416841,include
22416851,include
22416861,include
22416871,include
22416891,include
22416901,include
22430541,include
22430561,include
22430571,include
22430611,include
22430651,include
22430691,include
22430701,include
22430721,include
22430771,include
22430781,include
22431761,include
22431771,include
22431791,include
22431931,include
22431961,include
22431981,include
22434171,include
22434181,include
22434211,include
22434231,include
22434261,include
22434271,include
22434311,include
22434321,include
22434331,include
22434351,include
22434381,include
22434391,include
22434411,include
22434431,include
22434441,include
22434491,include
22434511,include
22434571,include
22434581,include
22434601,include
22434611,include
22434651,include
22434661,include
22434691,include
22434701,include
22434711,include
22434721,include
22434731,include
22434771,include
22434861,include
22434881,include
22434921,include
22434941,include
22435071,include
22435171,include
22435311,include
22435371,include
22435381,include
22435421,include
22435431,include
22435471,include
22435551,include
22435561,include
22435571,include
22435601,include
22435611,include
22435641,include
22435651,include
22435661,include
22435681,include
22435841,include
22435851,include
22435861,include
22435871,include
22435881,include
22435901,include
22435911,include
22435921,include
22436041,include
22436051,include
22436061,include
22436101,include
22436131,include
22436141,include
22436151,include
22436161,include
22436171,include
22436211,include
22436231,include
22436241,include
22436251,include
22436261,include
22436461,include
22436471,include
22436481,include
22436491,include
22448041,include
22448051,include
22448061,include
22448091,include
22448101,include
22448151,include
22448181,include
22448191,include
22448201,include
22448261,include
22448281,include
22448351,include
22448471,include
22448501,include
22448561,include
22448581,include
22448591,include
22448641,include
22448661,include
22448671,include
22448721,include
22448811,include
22448821,include
22448871,include
22448891,include
22448921,include
22448931,include
22448951,include
22448971,include
22448981,include
22449001,include
22449011,include
22449051,include
22449071,include
22449081,include
22449101,include
22449111,include
22449191,include
22449211,include
22449241,include
22449251,include
22449291,include
22449341,include
22449351,include
22449361,include
22449381,include
22449461,include
22449471,include
22449481,include
22449511,include
22449521,include
22449551,include
22449561,include
22449571,include
22449641,include
22449651,include
22449671,best
22449691,include
22449701,include
22449841,include
22449851,include
22450031,include
22450071,best
22450081,include
22450141,include
22450171,include
22450231,include
22450281,include
22450291,include
22450321,include
22450361,include
22450391,include
22450441,include
22450541,include
22450551,include
22450561,include
22450701,include
22450711,include
22450731,include
22450741,include
22450751,include
22450981,include
22451021,include
22451041,include
22451101,include
22451121,include
22451131,include
22451151,include
22451161,include
22451201,include
22451221,include
22451251,include
22451301,include
22451371,include
22451381,include
22451401,include
22451421,include
22451471,include
22451891,include
22451901,include
22451921,best
22451931,include
22451941,include
22451951,include
22451971,include
22451981,include
22452061,include
22452071,include
22452081,include
22452091,include
22452101,include
22452111,include
22452121,include
22452161,include
22452181,include
22452211,include
22452221,include
22452251,include
22452271,include
22452281,include
22452321,include
22452411,include
22452521,include
22452611,include
22452661,include
22452711,include
22452741,include
22452771,include
22452791,include
22452811,include
22452821,include
22452831,include
22452851,include
22452861,include
22452911,include
22452931,include
22452941,include
22453001,include
22453011,include
22453071,include
22453631,include
22453641,include
22453651,include
22460671,include
22460871,include
22460881,include
22460891,include
22460921,include
22460981,include
22461241,include
22461281,include
22461361,include
22461421,include
22461431,include
22461451,include
22461461,include
22461471,include
22461521,include
22461541,include
22461641,include
22461661,include
22461671,include
22461761,include
22461771,include
22461791,include
22461931,include
22461941,include
22462011,include
22462061,include
22462091,include
22462131,include
22462181,include
22462281,include
22462311,include
22462381,include
22462391,include
22482671,include
22482681,include
22482691,include
22482701,include
22482721,include
22482751,include
22482761,include
22482781,include
22482791,include
22482801,include
22482821,include
22482831,include
22482861,include
22482881,include
22482891,include
22482901,include
22482911,include
22482921,include
22482931,include
22482961,include
22482971,include
22482981,include
22486051,include
22486891,include
22486911,include
22486961,include
22486971,include
22486981,include
22487011,include
22487021,include
22488101,include
22488111,include
22488121,include
22488141,include
22488151,include
22488211,include
22488281,include
22489821,include
22489831,include
22490861,include
22491031,include
22491041,include
22491051,include
22491071,include
22491171,include
22491181,include
22491191,best
22491201,include
22491301,include
22491321,include
22491331,include
22491341,include
22491421,include
22491431,include
22491441,include
22491451,include
22491491,include
22491501,include
22491511,include
22491521,include
22493181,include
22493211,include
22493271,include
22493281,include
22493291,include
22493301,include
22493331,include
22493371,include
22493401,include
22493421,include
22493491,include
22493521,include
22493621,include
22493631,include
22493731,include
22493741,include
22493751,include
22493761,include
22493851,include
22493891,include
22493901,include
22493931,include
22493941,include
22495801,include
22495871,include
22495881,include
22495891,include
22495901,include
22495911,include
22495971,include
22496001,include
22496021,include
22496361,include
22496371,include
22496381,include
22496441,include
22496461,include
22496471,include
22496551,include
22496561,include
22496571,include
22496581,include
22496591,include
22496601,include
22496611,include
22496641,include
22496651,include
22496681,include
22496711,include
22496721,include
22496731,include
22496741,include
22496761,include
22496771,include
22496781,include
22496791,include
22496901,include
22496931,include
22496941,include
22496951,include
22496971,include
22496981,include
22496991,include
22497091,include
22497111,include
22497121,include
22497131,include
22497251,include
22497261,include
22497271,include
22497311,include
22497351,include
22497361,include
22497381,include
22497441,include
22497451,include
22497551,include
22499271,include
22499741,include
22499901,include
22499971,include
22502411,best
22502421,include
22502431,include
22502441,include
22502451,include
22502481,include
22502501,include
22502511,include
22502591,include
22502661,include
22502671,include
22502711,include
22502731,include
22502761,include
22502771,include
22502791,include
22502801,include
22502821,include
22502841,include
22502851,include
22502871,include
22502971,include
22502981,include
22502991,include
22503001,include
22503081,include
22503101,include
22503121,include
22503171,include
22503201,include
22503211,include
22503231,include
22503241,include
22503251,include
22503261,include
22503271,include
22503321,include
22503331,include
22503371,best
22503381,include
22503391,include
22503411,include
22503461,include
22503471,include
22503481,include
22503511,include
22503521,include
22503541,include
22503631,include
22503661,include
22503681,include
22503691,include
22503701,include
22503731,include
22503801,include
22503821,include
22503841,include
22503851,include
22503931,include
22503961,include
22503981,include
22503991,include
22504081,include
22504101,include
22504111,include
22504131,include
22504141,include
22504241,include
22504281,include
22504291,include
22504331,include
22526101,include
22526111,include
22526121,include
22526131,include
22526141,include
22526151,include
22526211,include
22526221,include
22526241,include
22526251,include
22526271,include
22526281,include
22526311,include
22526351,include
22526371,include
22526391,include
22526401,include
22526421,include
22526431,include
22526441,include
22526451,include
22526461,include
22526491,include
22526501,include
22526541,include
22526561,include
22526571,include
22526581,include
22526591,include
22526601,include
22526621,include
22526641,include
22526681,include
22526691,include
22526701,include
22526711,include
22526731,include
22526741,include
22526771,include
22526781,include
22526831,include
22526851,include
22526861,include
22526881,include
22526901,include
22526911,include
22526941,include
22526951,include
22526961,include
22526981,include
22527011,include
22527021,include
22527061,include
22527091,include
22527101,include
22527111,include
22527181,include
22527191,include
22527251,include
22527261,include
22527271,include
22527311,include
22527331,include
22527361,include
22527371,include
22527411,include
22527421,include
22527431,include
22527441,include
22527461,include
22527471,include
22527481,include
22527491,include
22527501,include
22527521,include
22527701,include
22527711,include
22533831,include
22533841,include
22533871,include
22533881,include
22533901,include
22533911,include
22533921,include
22533941,include
22533951,include
22533971,include
22533981,include
22533991,include
22534061,include
22534071,include
22534081,include
22534091,include
22534101,include
22534111,include
22534121,include
22534131,include
22534141,include
22534151,include
22534161,include
22534171,include
22534181,include
22534191,include
22534201,include
22534221,include
22534251,include
22534271,include
22534281,include
22534291,include
22534321,include
22534331,include
22534361,include
22534371,include
22534421,include
22534441,include
22534471,include
22534491,include
22534501,include
22534511,include
22534531,include
22534541,include
22534561,include
22534571,include
22534581,include
22534591,include
22534601,include
22534611,include
22534691,include
22534701,include
22534751,include
22534821,include
22535041,include
22535061,include
22535101,include
22535141,include
22535221,include
22535231,include
22535261,include
22535431,include
22535451,include
22535511,include
22535581,include
22535611,include
22535621,include
22535631,include
22535701,include
22535711,include
22535881,include
22535891,include
22535901,include
22535941,include
22536101,include
22536131,include
22536211,include
22536221,include
22536251,include
22536261,include
22536281,include
22536301,include
22536321,include
22536331,include
22536401,include
22536431,include
22553621,include
22553661,include
22553711,include
22568791,include
22568801,include
22568811,include
22568821,include
22568841,include
22568851,include
22568871,include
22568891,include
22571051,include
22571061,include
22571071,include
22571081,include
22571101,include
22571111,include
22571121,include
22571141,include
22571151,include
22571191,include
22571201,include
22571211,include
22571221,include
22571241,include
22571251,include
22571261,include
22571271,include
22571281,include
22573211,include
22573241,include
22573251,include
22573261,include
22573281,include
22573301,include
22573311,include
22573321,include
22573331,include
22573351,include
22573361,include
22573371,include
22573431,include
22573451,include
22573491,include
22574301,include
22574311,include
22574321,include
22574391,include
22574431,include
22574441,include
22574491,include
22574501,best
22574531,include
22574541,include
22574551,include
22574561,include
22574581,include
22574611,include
22574621,include
22575801,include
22575821,include
22575831,include
22575851,include
22575861,include
22575871,include
22575911,include
22575921,include
22575991,include
22576021,include
22576051,include
22576061,include
22576081,include
22576101,include
22576111,include
22576171,include
22576221,include
22576261,include
22576271,include
22576281,include
22576311,include
22576321,include
22576351,include
22576381,include
22576451,include
22576641,include
22576671,include
22576681,include
22576691,include
22576701,include
22576711,include
22576721,include
22576731,include
22576781,include
22576811,include
22576821,best
22576901,include
22576961,include
22577171,include
22577181,include
22577191,include
22577241,include
22577291,include
22577301,include
22577331,include
22577351,include
22577361,include
22577411,include
22577421,include
22577461,include
22577481,include
22577491,include
22577541,include
22577601,include
22577611,include
22577621,include
22577651,include
22577661,include
22577881,include
22577911,include
22577921,include
22577971,include
22577991,include
22578001,include
22578011,include
22578021,include
22578031,include
22578241,include
22585571,include
22585581,include
22585591,include
22585601,include
22585631,include
22586001,include
22586121,include
22586131,include
22586221,include
22586251,include
22586261,include
22586271,include
22586281,include
22586291,include
22586321,include
22586411,best
22586421,include
22586491,include
22586541,include
22586551,include
22586561,include
22586631,include
22586641,include
22586661,include
22586681,include
22586711,include
22586791,include
22586801,include
22587011,include
22587021,include
22587051,include
22587061,include
22587071,include
22587081,include
22587201,include
22594111,include
22594131,reject
228752921,include
228752961,include
229460751,include
229460761,include
229460921,include
229460961,include
230155011,include
231065201,include
231073561,include
232090771,include
232090781,include
232090791,include
232090911,include
232090921,include
232090941,include
232090951,include
232090971,include
232091011,include
232091041,include
232091831,include
232533531,include
232533631,include
233068751,include
233068761,include
233068801,include
233068821,include
233068921,include
233068981,include
233069121,include
233069281,include
233069301,include
233069341,include
234518641,include
234518651,include
234518711,include
234518741,include
235354961,include
235354971,include
235354981,include
235354991,include
235355031,include
235355181,include
235746521,include
235746631,include
235747161,include
236024241,include
236024251,include
236024381,include
236256161,include
236334771,include
236334831,include
236334941,include
236335031,include
237180481,include
237180491,include
237180511,include
237306591,include
237306751,include
237306861,include
237658781,include
237658841,include
237658901,include
237658931,include
237658981,include
237927681,include
237927691,include
237928131,include
239842271,include
239842281,include
239842291,include
239842301,include
239842461,include
239842471,include
239842491,include
239842561,include
241761671,include
241761681,include
241778971,include
241778991,include
241779011,include
242887041,include
242887061,include
242887071,include
242887131,include
242887141,include
242887151,include
243051051,include
243051071,include
243340661,include
243341421,include
243341461,include
243767601,include
243767651,include
243767771,include
243767861,include
244805811,include
244805821,include
244805831,include
244805891,include
245859501,include
245859551,include
245859621,include
245859631,include
245901691,include
247737301,include
247737311,include
247737321,include
247737601,include
247737661,include
247861811,include
247861841,include
247861851,include
247861891,include
247861911,include
247861951,include
247861971,include
247862181,include
248252401,include
248252411,include
248252421,include
248252441,include
248323721,include
248323861,include
251312361,include
251312951,include
251312961,include
251312971,include
251313021,include
254555221,include
254555231,include
256642601,include
256642721,include
256642741,include
258443261,include
258447521,include
258447531,include
259030701,include
262475501,include
262475561,include
262475601,include
262475681,include
262475741,include
262642441,include
264510981,include
264511021,include
266001211,include
266002871,include
268187891,include
270246871,include
270250151,include
272991661,include
274727211,include
274727291,include
274727591,include
275243961,include
276494481,include
276713241,include
281736041,include
28273181,include
283906361,include
283906371,include
287852741,include
287852761,include
289861741,include
289861761,include
289861881,include
290131481,include
290133561,include
290135451,include
290136291,include
290141701,include
290197541,include
290197581,include
290197591,include
290406231,include
292505901,include
292507311,include
292507431,include
292646301,include
292646311,include
292646341,include
292646371,include
292646381,include
293729751,include
293729771,include
293729781,include
293729811,include
293729841,include
293730021,include
294167781,include
29630311,include
29630331,include
29630341,best
29630351,include
29630361,include
29630371,include
29630381,include
29630521,include
29630531,include
29630551,include
29630611,include
29630631,include
29630641,include
29630671,include
29630681,include
29630691,include
29630741,include
29630761,include
29630801,include
29630971,include
29630991,include
29631001,include
29631041,include
29631071,include
29631081,include
29631121,include
29631141,include
29631161,include
29631221,include
29631231,include
29631251,include
29631301,include
29631311,include
29631341,include
29631391,include
29631401,include
29631421,include
29631431,include
29631441,include
29631481,include
29631511,include
29631531,include
29631551,include
29631561,include
29631571,include
29631591,include
29631611,include
29631621,include
29631651,include
29631661,include
29631721,include
29631741,include
29631751,include
29631761,include
29631841,include
29631941,include
29631961,include
29632051,include
29632101,include
29632141,include
29632161,include
29632171,include
29632181,include
29632221,include
29632231,include
29632241,include
29632271,include
29632291,include
29632361,include
29632511,include
29632541,include
29632551,include
29632571,include
29632631,include
29632641,include
29632651,include
29632661,include
29632671,include
29632691,include
29632701,include
29632741,include
29632751,include
29632761,include
29632771,include
29632781,include
29632801,include
29632831,include
29632841,include
29632851,include
29632861,include
29632871,include
29632901,include
29632911,include
29632931,include
29632941,include
29632951,include
29632991,include
29633031,include
29633041,include
29633131,include
29633181,include
29633201,include
29633231,include
29633301,include
29633321,include
29633351,include
29633441,include
29633461,include
29633511,include
29633541,include
29633691,include
29633731,include
29633771,include
29633821,include
29633831,include
29633841,include
29634001,include
29634061,include
29634081,include
29634111,include
29634121,include
29634151,include
29634171,include
29634221,include
29634271,include
29634281,include
29634331,include
29634371,include
29634451,include
29634461,include
29634471,include
29634481,include
29634531,include
29634551,include
29634561,include
29634591,include
29651591,include
29651601,include
29651611,include
29651621,include
29651641,include
29651651,include
29651661,include
29651671,include
29651681,include
29651691,include
29651701,include
29651711,include
29651721,include
29651731,include
29651741,include
29651751,include
29651761,include
29651771,include
29652111,include
29652131,include
29652141,include
29652161,include
29652171,include
29652231,include
29652241,include
29652251,include
29652281,include
29682791,include
29682801,include
29682821,include
29682831,include
29682851,include
29682861,include
29683581,include
29683591,include
29683611,include
29683631,include
29683651,include
29683661,include
29683671,include
29683681,include
29683701,include
29683761,include
29683821,include
29683851,include
29683861,include
29683911,include
29683921,include
29683971,include
29683981,include
29683991,include
30140421,include
30140431,include
30140441,include
30140471,include
303083711,include
303083741,include
30316751,include
303184231,include
30806551,include
30806651,include
30806661,include
309067551,include
309067561,include
309069711,include
309070901,include
310883681,include
310883771,include
310883781,include
310883791,include
310883861,include
310883931,include
31149401,include
31149421,include
31149451,include
313641331,include
313641371,include
313641401,include
313641451,include
313641471,include
313641531,include
313641561,include
31496671,include
31496761,include
31496831,include
31496861,include
31496881,include
31496891,include
31496911,include
31497341,include
31497411,include
31497421,include
31497451,include
31497461,include
31497471,include
31497511,include
31497541,include
31497551,include
31497611,include
31497621,include
320412771,include
320412821,include
320412931,include
320412941,include
320413041,include
323297091,include
323298561,include
323299991,include
32543471,include
32543541,include
32543571,include
32543611,include
330265291,include
330265651,include
330265781,include
33889401,include
33889531,include
33889541,include
33889561,include
33889571,include
33889601,include
33889621,include
33889651,include
33889811,include
33889891,include
33889901,include
33889911,include
33889921,include
33889941,include
33889971,include
33890001,include
33890051,include
33890151,include
33890161,include
33890171,include
33890201,include
33890221,include
33890231,include
33890241,include
33890281,include
33890291,include
33890361,include
33890371,include
33890381,include
33890421,include
33890451,include
33890491,include
33890601,include
33890611,include
33890671,include
33890681,include
33890741,include
33890751,best
33890761,include
33890771,include
33890781,include
33890791,include
33890801,include
33890821,include
33890841,include
33890871,include
33890891,include
33890901,include
33890911,include
33891061,include
33891071,include
33891081,include
33891121,include
33891141,include
33891161,include
33891211,include
33891311,include
33891411,include
33891501,include
33891521,include
33891731,include
33891741,include
33891751,include
33891761,include
33891771,include
33891781,include
33891841,include
33891851,include
33891861,include
33891921,include
33891931,include
33892051,include
33892071,include
33892131,include
33892231,include
33892241,include
33892271,include
33892321,include
33892361,include
33892371,include
33892381,include
33892391,include
339073581,include
339073671,include
339073751,include
339073841,include
339073851,include
339073861,include
339073881,include
339073901,include
339074041,include
339074071,include
339074141,include
339074161,include
339465171,include
339465241,include
339469061,include
339625711,include
339626051,include
339626091,include
340929901,include
340929971,include
340929991,include
340930001,include
340945621,include
342757601,include
342757681,include
342759691,include
342769361,include
342770681,include
343780191,include
343780201,include
343780211,include
343780221,include
343780231,include
34383791,include
34383801,include
34383811,include
34383831,include
34383841,include
34383851,include
34383861,include
34383881,include
34383891,include
34383901,include
34383931,include
34383951,include
34383961,include
34383981,include
34384001,include
34384011,include
34384021,include
34384031,include
34384041,include
34384051,include
34384071,include
34384081,include
34384091,include
34384101,include
34384111,include
34384121,include
34384131,include
34384141,include
34384151,include
34384161,include
34384171,include
34384181,include
34384191,include
34384221,include
34384231,include
34384241,include
34384251,include
34384311,include
34384331,include
34384371,include
34384381,include
34384391,include
34384421,include
34384431,include
34384441,include
34384461,include
34384481,include
34384491,include
34384501,include
34384511,include
34384531,include
34384541,include
34432481,include
34432541,include
34432561,include
34432571,include
34432581,include
34432591,include
34432601,include
34432611,include
34432621,include
34432631,include
34432651,include
34432661,include
34432671,include
34432681,include
34432791,include
34432801,include
34432991,include
34433001,include
34433021,include
34433031,include
34433121,include
34433131,include
34433141,include
34433231,include
34433261,include
34433271,include
34433291,include
34433381,include
34433401,include
34433421,include
34434741,include
34434771,include
34434781,include
34434791,include
34434851,include
34434861,include
34434891,include
34434921,include
34435011,include
34435021,include
34435031,include
34435041,include
34440561,include
34440601,include
34506411,include
34506421,best
34506431,include
34506441,include
34506471,include
34507111,include
34507131,include
34507161,include
34507171,include
34507181,include
34507191,include
34507201,best
34507221,include
34507231,include
34507241,include
34507251,include
34507271,include
34507291,include
34507301,include
34507311,include
34507321,include
34507331,include
34507371,include
34507381,include
34507391,include
34507401,include
34507451,best
34507461,include
34507471,include
34507591,include
34507601,include
34507611,include
34507671,include
34507711,include
34507721,include
34507771,include
34507921,include
34522181,include
34522191,include
34522201,include
34522401,include
34522531,include
34522571,include
34522601,include
34522811,include
34522861,include
34522951,include
34522991,reject
34523001,include
34523261,include
34523281,include
34523291,include
34523361,include
34523541,include
34523551,include
34523561,include
34523571,include
34523581,include
34523661,include
34523671,include
34523681,include
34523781,include
34523801,include
34523871,include
34523911,include
34523961,include
34524001,include
34524111,include
34665721,include
34665731,include
34665801,include
34665811,include
34665871,include
34743261,include
34743281,include
34743321,include
34743351,include
34743401,include
34743421,include
34743511,include
34743561,include
34743621,include
34743631,include
34743651,include
34743671,include
34743731,include
34743801,include
34743861,include
34743961,include
34743991,include
34744031,include
34744251,include
34744321,include
34744331,include
34748601,include
34748611,include
34748621,include
34748631,include
34748641,include
34748781,include
34748811,include
34748841,include
34748941,include
34748961,include
34748971,include
34748981,include
34749001,include
34749011,include
34749021,include
34749031,include
34749041,include
34749081,include
34749091,include
34749101,include
34749121,include
34749131,include
34749141,include
34749151,include
34749201,include
34749231,include
34749251,include
34749311,include
34749331,include
34749341,include
34749351,include
34749391,include
34749401,include
34749421,include
34749451,include
34763061,include
34764141,include
34764611,include
348688001,include
348688041,include
348697101,include
348706601,include
348706621,include
34929091,include
34930871,include
351674231,include
351676661,include
351677641,include
351793621,include
351793661,include
351793671,include
351793681,include
351794431,include
351794791,include
351795021,include
351795171,include
355317081,include
355334991,include
355335001,include
355335011,include
355335041,include
360324211,include
360324361,include
360324391,include
360336091,include
360336161,include
360336181,include
360391651,include
360391691,include
360391721,include
360392421,include
360392801,include
360394741,include
360395641,include
362883721,include
362883731,include
362884401,include
365505161,include
365505201,include
365693851,include
365693901,include
365694281,include
366904251,include
366904411,include
370913801,include
370913811,include
370913821,include
370913901,include
370913951,include
370914051,include
373764391,include
373768381,include
373768401,include
373768411,include
378038841,include
378039851,include
378039861,include
381156041,include
381157001,include
382008991,include
386158351,include
386158361,include
38938551,include
38938591,include
38938631,include
38938641,include
391463841,include
391463921,include
391463931,include
39162161,include
393257821,include
395373841,include
39600931,include
39600941,include
397285571,include
397285841,include
397285931,include
397285961,include
397286121,include
397286711,include
39830271,include
39830281,include
39830311,include
39830321,include
39869791,include
39869801,include
399120821,include
399125401,include
399126531,include
401588341,include
401588511,include
401588651,include
401616071,include
401616131,include
401616231,include
401616361,include
401618131,include
404455501,include
404455671,include
404455861,include
404456251,include
407047451,best
411666931,include
416234521,include
416234531,include
416234541,include
416237911,include
41652621,include
41652641,include
419402471,include
419403411,include
42637401,include
427066631,include
427066711,include
429346631,include
429387241,include
431283271,include
431283311,include
434980901,include
434980911,include
434980941,include
434980961,include
434980971,best
434981011,include
434981131,include
434981141,include
434981181,include
434981221,include
434981261,include
434981271,include
434981311,include
434981321,include
434981331,include
434981361,include
434981371,include
434981411,include
435155281,include
435155891,include
435156041,include
435156181,include
435156261,include
435156271,include
435156301,include
435156561,include
435156601,include
435156611,include
435156631,include
435156771,include
435156781,include
435156831,include
435156841,include
435156961,include
435157081,include
435157131,include
435157141,include
435157951,include
435157961,include
435252811,include
435252871,include
435252881,include
435252971,include
435253031,include
435253081,include
435566741,include
435568101,include
435569551,include
435571411,include
435657651,include
435657901,include
435658211,include
435660381,include
435662121,include
436162621,include
436206411,include
436207251,include
436362131,include
436805121,include
436806431,include
436940481,include
437271541,include
437272671,include
437653441,include
437653841,include
437654381,include
437664041,include
437828671,include
437828701,include
437828851,include
437830931,include
438266661,include
438266741,include
438266801,include
438268161,include
438269671,include
438269731,include
438270041,include
438270131,include
438496191,include
439462291,include
439462321,include
439462841,include
439462931,include
439463021,include
439463111,include
439463161,include
439463381,include
44829211,include
44829371,include
44829691,include
450793661,include
450793781,include
450793811,include
450793861,include
45201371,include
453273301,include
453275901,include
453275921,include
453275931,include
454761811,include
454772581,include
454946081,include
462196791,include
462196861,include
462196871,include
462196881,include
462196921,include
462196941,include
462197001,include
462345761,include
46258841,include
46258881,include
464261751,include
464261801,include
464261871,include
464261931,include
464274091,include
464277011,include
465027101,include
465042321,include
465042341,include
465042351,include
465042361,include
465042371,include
465042531,include
465588711,include
465986721,include
466012561,include
466012581,include
466012691,include
466012741,include
466012771,include
466012781,include
466012791,include
466012921,include
466029071,include
466034751,include
466034781,include
466034941,include
466034951,include
466034961,include
466034991,include
466035011,include
466641551,include
466641661,include
466642901,include
466644321,include
466644591,include
466645061,include
466645871,include
466658731,include
466658961,include
466659191,include
466667341,include
466803871,include
467242521,include
467242531,include
467243141,include
467243501,include
467459001,include
467459031,include
467459161,include
467459181,include
467459241,include
467459251,include
467459261,include
468713461,include
468714461,include
468720091,include
468720331,include
468720401,include
468722011,include
468722491,include
468722831,include
468757291,include
468758771,include
472797891,include
474141221,include
474141271,include
474141281,include
474141291,include
474141381,include
474141411,include
474141811,include
474141861,include
474141871,include
474141931,include
474142121,include
481897831,include
481897841,include
482739001,include
482927781,include
482929491,include
482929501,include
482968761,include
483372981,include
483373901,include
483374381,include
483375521,include
483375771,include
483375851,include
487486731,include
487486751,include
487486761,include
487486861,include
494732711,include
494744301,include
494745721,include
494747081,include
494748001,include
494749821,include
49632651,include
49632661,include
49632681,include
49633161,include
497534221,include
497534231,include
497534711,include
497718721,include
497719031,include
497719041,include
497719641,include
497720131,include
497720521,include
497721651,include
497736851,include
497738601,include
505587101,include
505587191,include
505588871,include
505590221,include
505591321,include
505591941,include
510955421,include
512184031,include
512184771,include
51318941,include
51318951,include
51319071,include
51319081,include
51319091,include
51319101,include
51319291,include
51319301,include
51319321,include
51319341,include
51319351,include
51319371,include
51319411,include
51319431,include
51319441,include
51319451,include
51319461,include
51319471,include
51319481,include
51319531,include
51319591,include
51319631,include
51319671,include
51319681,include
51319731,include
51319741,include
51319751,include
51319761,include
51319991,include
51320001,include
51320011,include
51320021,include
51320041,include
51320051,include
51320061,include
51320081,include
51320091,include
51320101,include
51320111,include
51320121,include
51320131,include
51320141,include
51320151,include
51362901,include
51362911,include
51362991,include
51363021,include
51363031,include
51363071,include
51363091,include
51363101,include
51363121,include
51363131,include
51363181,include
51363211,include
51363271,include
51363281,include
51363291,include
51363351,include
51363371,include
51363431,include
51363461,include
51363471,include
51363521,include
51363591,include
51363671,include
51363691,include
51363701,include
51363721,include
51363741,include
51363841,include
51363941,include
51364021,include
51364051,include
51364161,include
51364171,include
51364231,best
51364251,include
515234371,include
515235051,include
515235431,include
515246841,include
515251211,include
515264401,include
515590571,include
515591081,include
517229051,include
517229331,include
517231081,include
517232761,include
517234131,include
517235221,include
518300451,include
519617561,include
520047841,include
520261551,include
520948621,include
527136331,include
527136341,include
531551011,include
531551061,include
531551121,include
531551171,include
537231121,include
537231191,include
537690151,include
537693361,include
537698901,include
537715261,include
537716681,include
537717891,include
537733711,include
538020251,include
538020951,include
538021751,include
538022651,include
538023731,include
538111101,include
538112621,include
538113341,include
538114091,include
538117171,include
538146051,include
538146441,include
538147571,include
538148401,include
538149181,include
538160021,include
538162681,include
538163421,include
538163911,include
538169391,include
538305951,include
538813031,include
538813821,include
538814871,include
538851671,include
538851741,include
538851891,include
538854031,include
538854171,include
538854651,include
538919931,include
538920161,include
539140241,include
539140871,include
539511961,include
539545521,include
539675581,include
539676251,include
540020591,include
540020891,include
540021371,include
540021701,include
540022371,include
540369241,include
540370271,include
540371351,include
540371901,include
540372331,include
540372671,include
540373141,include
540576271,include
541167681,include
541203631,include
550411711,include
550689471,include
550899741,include
550900491,best
550901511,include
550903291,include
550903731,include
551023951,include
551280611,include
551280661,include
551336691,include
551336761,include
551338171,include
551427041,include
551443791,include
551447311,include
551448481,include
551450581,include
551478311,include
551490861,include
551501681,include
551506771,include
551526271,include
551527391,include
551528931,include
551529561,include
551536761,include
551541441,include
551969771,include
551969851,include
551970071,include
551970121,include
551970241,include
551970281,include
551970421,include
551970461,include
551970501,include
551970561,include
551970621,include
551970661,best
552053911,include
552054011,include
552054131,include
552054221,include
552054281,include
552054431,include
56074131,include
56074361,include
56174671,include
56174701,include
56174811,include
56174821,include
56174881,include
56174911,include
56174921,include
56260801,include
56260811,include
56260821,include
56260841,include
56260921,include
56261431,include
56261461,include
56261491,include
56261511,include
56288721,include
56288751,include
56288821,include
56288861,include
56291681,include
56291701,include
56292301,include
56292351,include
56292361,include
571291361,include
575025281,include
575025591,include
575026051,include
575026061,include
575026651,include
575026821,include
58123211,include
58123221,include
58123251,include
583692461,include
583692471,include
586881761,include
586902591,include
586965331,include
586965341,include
586965361,include
586965471,include
586966181,include
586966831,include
586967991,include
587059801,best
587610871,include
587610991,include
58816691,include
58816701,include
58816711,include
58816731,include
58816751,include
592886881,include
592886891,include
592886921,include
592887071,include
592887181,include
596417611,include
596419131,include
596419841,reject
596420341,reject
596423541,include
596428981,include
596429671,include
596430031,include
596565471,include
596574901,include
596575231,include
597053391,include
597054591,include
597057151,include
597242251,include
597242761,include
597243021,include
597243671,include
597244251,include
597244531,include
597250161,include
597527811,include
597527821,include
597527841,include
597615231,include
597788411,include
598036731,include
598036741,include
598052811,include
598053051,include
598053341,include
598053721,include
598055341,include
598284931,include
598288891,include
598290261,include
598309601,include
598309891,include
598310281,include
598310941,include
599609771,include
599609791,include
599609831,include
599609851,include
599609871,include
599609881,include
599609891,include
599609911,include
599609921,include
599610011,include
599610061,include
599618111,include
59973861,include
59973871,include
59973881,include
59973941,include
599885991,include
599886571,include
599887001,include
599900381,include
599900791,include
599901291,include
599901311,include
599901351,include
599974461,include
599974471,include
599974481,include
599974491,include
599974501,include
599974511,best
599974521,include
599974551,include
600161571,include
600161581,include
600161591,include
600161601,include
600759791,include
600761231,include
600761791,include
600761931,include
600762191,include
600762431,include
601235391,best
601236091,include
601236471,include
601237031,include
601391321,include
601391361,include
601391601,include
601391621,include
60549681,include
60549691,include
608610563,best
608611934,best
608612452,include
608613724,include
608613840,include
608613894,include
608613944,include
608632598,include
608632600,include
608632601,include
608632604,include
608632605,include
608632607,include
608632608,include
608679995,include
608680004,include
608680008,include
608680013,include
608680063,include
608680075,include
608680080,include
608680084,include
608680094,include
608680103,include
608680143,include
608680146,include
608684974,best
608685038,include
609974341,include
610524929,include
610525365,include
610526713,include
610526725,include
610526726,include
610526840,include
610531031,include
610531035,include
610531069,include
610531077,include
611553435,include
611572263,include
611580314,include
611580320,include
611580330,include
611835615,include
612711369,include
612798145,include
612802742,include
612981793,include
612981812,include
612981828,include
612981831,include
613004141,include
613004175,include
613004192,include
613004255,include
613004256,include
613004260,include
613183984,include
613185009,include
613213426,include
613213557,include
613238189,include
613238599,include
61370101,include
61372621,include
61372631,include
61372641,include
61372651,include
614111184,include
614111185,include
614111186,include
615321049,include
615321050,include
615330819,include
615331016,include
615370840,include
615370848,include
615370849,include
615414918,include
615414981,include
615415126,include
615415212,include
615415289,include
615415406,include
615415487,include
615415584,include
615426310,include
615426574,include
615426575,include
615426784,include
615426785,include
615426800,include
615445393,include
615445630,include
615445633,include
615445861,include
615446223,include
615447371,include
615447415,include
615447546,include
615450232,include
615450495,include
615450958,include
615521918,include
615521923,include
615521931,include
615522029,include
615522048,include
615558572,include
615558581,include
615558677,include
615560826,include
615560829,include
615560845,include
615578090,include
615578145,include
615578507,include
615594217,reject
615594220,include
615594436,include
615594783,include
615595002,include
615595016,include
615595138,include
615597119,include
615597126,include
615607784,include
615612408,best
615612416,include
615612417,include
615612444,include
615613552,include
615650896,include
615790956,include
615790957,include
615790958,include
616782045,include
61824331,include
618922139,include
618922159,include
618922174,include
618922175,include
619144206,include
619144348,include
619297276,include
619303494,include
619303612,include
619303744,include
619303910,include
619307306,include
619640893,reject
619641316,include
619641343,include
619729115,include
619729499,include
62069861,include
62069871,include
62069881,include
62069901,include
620935893,include
620935895,include
620936184,include
620936271,include
620936330,include
620936427,include
620936453,include
620936530,include
620948213,include
620948214,include
620948238,include
620948244,include
620948255,include
620962742,include
620966759,include
620966819,include
620966894,include
620967277,include
620967354,include
620967419,include
620970310,include
621374843,include
621374884,include
621374920,include
621396405,include
621396499,include
621396500,include
621396529,include
621396724,include
621398885,include
621398927,include
621569083,include
621569105,include
621569131,include
621569735,include
621569756,include
621570147,best
621641064,include
621647161,include
621647408,include
621647409,include
621673415,include
621673422,include
621675350,include
621675473,include
621676560,include
621676714,include
621679535,include
621679614,include
621680308,include
621680450,include
621680506,include
621703277,include
621703311,include
621703359,include
621704073,include
621739786,include
621739790,include
621739798,include
621739926,include
621754364,include
621754497,include
621754696,include
621755346,include
621755388,include
621755434,include
621759519,include
621818506,include
621819927,include
621835123,include
621835200,include
621837748,include
621907839,include
621907859,best
621907864,include
621907867,include
621907872,include
621907875,include
621907884,include
621908070,include
621908371,include
621908472,include
621914936,include
622046260,include
622046605,include
622062705,include
622062802,include
622076809,include
622076834,reject
622076838,include
622076846,reject
622076847,best
622076849,include
622133358,include
622133429,include
622133537,include
622237312,include
622239692,include
622239806,include
622401982,include
622613426,include
622613445,include
622613704,include
622700281,include
622741767,include
622742129,include
62305101,include
624479083,include
624479084,include
624479092,include
624479226,include
624479314,best
624479463,include
624479526,include
624479615,include
624479683,include
625020442,include
625020580,include
625363065,include
625363066,include
62726591,include
62726601,include
62726611,include
627923895,include
627924229,include
627924409,include
627963894,include
627963896,include
627963902,best
627963950,include
627969727,include
627969728,include
628099974,include
628099976,best
628099992,include
628686776,include
628686789,include
628686812,include
628686813,reject
629547904,reject
629727362,include
629727363,include
629727390,include
629727391,include
629727392,best
629727395,include
630075676,include
630075677,include
630075692,include
630075697,include
631177205,include
631177221,include
631360445,include
63145451,include
63145471,include
631703590,include
631703695,include
631704062,include
631704228,include
631704488,include
631714506,include
631803857,include
634567939,include
634629185,best
634629187,include
634629188,include
634629189,include
634629190,include
634832438,include
634832439,include
634832441,include
634963168,include
634963194,include
634963201,include
635300858,best
635598733,include
635598736,best
635598737,include
635598738,include
635598739,include
635778299,include
63597001,include
63597011,include
63597021,include
636161617,include
636161621,include
636161629,include
636161633,include
636161642,include
63624511,include
63624561,include
63624591,include
637556640,include
637556657,include
637997325,include
637997382,include
637997401,include
638313868,include
638314232,include
638318912,include
638318915,include
638318939,include
638318951,include
638319003,include
63837021,include
638391657,include
638391666,include
638391672,best
638391795,include
638396083,include
638396164,include
638396418,include
638396458,include
638441893,include
638441894,best
638455708,include
638455952,include
638498978,include
638538248,include
638538361,best
638539315,best
638539590,include
638540618,include
638762104,include
638762131,include
638762888,include
638763698,include
638763699,include
638763700,best
638764370,include
638764559,best
639035117,include
639035276,include
639035501,include
639035706,include
639063922,include
639063923,include
639066558,include
639066559,include
639067147,include
639093479,include
63909581,include
63909591,include
639209792,include
639209821,include
639209946,include
639209993,include
639210700,include
639253229,include
639253231,include
639253240,include
639253270,include
639418537,include
639418723,include
639420466,include
639420507,include
639420591,include
639423402,include
639423786,include
639424508,include
639464065,include
639464066,include
639464067,include
639464076,include
639464083,include
639464087,include
639464098,include
639464135,include
639510040,include
639510093,include
639510100,include
639510105,include
639512726,include
639513184,include
639513422,include
639513820,include
639514020,include
639519891,include
639520000,include
639562180,include
639562469,include
639562527,include
639562647,include
639562763,include
639562971,include
639562972,include
639563080,include
639659230,include
639659231,include
639659232,best
639659249,include
639668407,include
639676083,include
639676089,include
639718611,include
639718612,include
639815593,include
639815601,include
639815688,include
639815821,include
639815857,include
641877146,include
641877156,include
641877501,include
641877722,best
642734537,include
642734538,include
642734795,include
642735002,include
643840234,include
643840433,include
643840515,include
645202604,best
645202605,include
645202616,include
645202618,best
645202621,include
645202629,include
645225203,include
645225204,include
645225206,include
645225208,best
645225209,include
645225211,include
645225218,include
645225223,include
645225254,include
645225274,include
645225321,include
645225342,include
645225397,include
645225399,include
645225407,include
645225408,include
645225409,include
645225410,include
645225412,include
645225416,best
645225437,include
645225451,include
646147892,include
646147910,reject
646148013,include
646148023,include
646154208,reject
646154257,reject
64638541,include
64638551,include
65478141,include
65482241,include
65560211,include
65560411,include
65560431,include
65560631,include
65560681,include
65560711,include
65560761,include
65560791,include
65560811,include
65721011,include
65721131,include
66386401,include
66386661,include
66386971,include
66387041,include
66387081,include
66387101,include
66387111,include
66388331,include
71427171,include
71427181,include
71488381,include
71488401,include
71488601,include
72128931,include
72128981,include
72129111,include
73504041,include
73504051,include
73507041,include
73507771,include
73508461,include
73572881,include
73572921,include
73572931,include
73602991,include
73603011,include
73603141,include
73603151,include
73603161,include
73603171,include
73634241,include
73634291,include
73634301,include
73634471,include
73634531,include
73634541,include
74432791,include
74432911,include
74432921,include
74432941,include
74432951,include
74432971,include
74433041,include
74433051,include
74433071,include
74433091,include
74433141,include
74433161,include
74433171,include
74433221,include
74433251,include
74433301,include
74433541,include
74433551,include
74433561,include
74433581,include
74433601,include
74433661,include
74433671,include
74433691,include
74433721,include
74433751,include
74433781,include
74433811,include
74433821,include
74433851,include
74433891,include
74433901,include
74433911,include
74433921,include
74433941,include
74433961,include
74435531,include
74435551,include
74435571,include
74435581,include
74435591,include
74435611,include
74435631,include
74435671,include
74435681,include
74435691,include
74435701,include
74435711,include
74435751,include
74435761,include
74435771,include
74435781,include
74435791,include
74438801,include
74443071,include
74531051,include
74729891,include
74828581,include
74828611,include
74828651,include
74828801,include
74828811,include
74828821,include
74828831,include
74828881,include
74828891,include
74828901,include
74828911,include
74828921,include
74828951,include
74828981,include
74828991,include
74829011,include
74829021,include
74829051,include
74829071,include
74829101,include
74829111,include
74829121,include
74829131,include
74829141,include
74829161,include
74829181,include
74829191,include
74829241,include
74829251,include
74829261,include
74829271,include
74829291,include
74829311,include
74829331,include
74829341,include
74829351,include
74829361,include
74829371,include
74829381,include
74829391,include
76413651,include
77193441,include
79537181,include
84808911,include
84808921,include
84808931,include
84808941,include
84808981,include
84813461,include
84813471,include
84813481,include
84813521,include
84814461,include
84814491,include
87498741,include
87498771,include
89351031,include
92252081,include
92252111,include
92252141,include
92252161,include
92252251,include
92252261,include
92268691,include
96941071,include
96941081,include
96941181,include
98622131,include
98622601,include
98625641,include
98625731,include
99273411,include
99277371,include
99277381,include
99277521,include
99277531,include
99277551,include
99277891,include
